#!SbcSavedTrendFile;Version_4;Html5Runtime_V3.0;
#!SBC trends log file generated on: 27.06.2023 08:18:46;
10;
3501-RT503	-20	100	255,0,0;
3201-RT401	-20	100	0,64,0;
3201-RT501	-20	100	0,0,128;
3501-RT401	-20	100	128,0,128;
3501-RT504	-20	100	255,255,0;
3501-RT001	-20	100	255,128,128;
3501-RT002	-20	100	0,255,0;
3501-RP001	-20	100	0,0,255;
3501-RP002	-20	100	255,128,192;
BC-RN001	-20	100	255,255,128;

#!(s);Date;Time;3501-RT503;3201-RT401;3201-RT501;3501-RT401;3501-RT504;3501-RT001;3501-RT002;3501-RP001;3501-RP002;BC-RN001;
1683644460;09.05.2023;15:01:00;10;18;18;12;13;9;9;40;40;19;
1683648060;09.05.2023;16:01:00;11;18;18;12;14;10;9;40;40;18;
1683651660;09.05.2023;17:01:00;11;18;18;12;14;10;9;40;40;17;
1683655260;09.05.2023;18:01:00;11;18;19;12;14;10;10;40;40;17;
1683658860;09.05.2023;19:01:00;11;18;19;11;13;10;10;40;40;17;
1683662460;09.05.2023;20:01:00;11;18;19;11;13;10;10;40;40;18;
1683666060;09.05.2023;21:01:00;10;18;19;10;12;10;10;40;40;18;
1683669660;09.05.2023;22:01:00;10;18;19;9;11;10;9;40;40;19;
1683673260;09.05.2023;23:01:00;9;18;19;8;10;9;9;40;40;20;
1683676860;10.05.2023;00:01:00;9;18;19;8;10;9;9;40;40;19;
1683680460;10.05.2023;01:01:00;9;18;19;8;11;9;9;40;40;19;
1683684060;10.05.2023;02:01:00;8;18;19;8;12;9;9;40;40;19;
1683687660;10.05.2023;03:01:00;8;18;19;8;13;8;8;40;40;19;
1683691260;10.05.2023;04:01:00;8;18;19;8;14;8;8;40;40;19;
1683694860;10.05.2023;05:01:00;7;18;19;8;14;8;8;40;40;19;
1683698460;10.05.2023;06:01:00;7;18;19;7;14;8;8;40;40;19;
1683702060;10.05.2023;07:01:00;7;18;19;7;14;8;8;40;40;19;
1683705660;10.05.2023;08:01:00;7;18;19;7;14;8;8;40;40;19;
1683709260;10.05.2023;09:01:00;7;18;19;8;14;8;8;40;40;19;
1683712860;10.05.2023;10:01:00;8;18;19;8;14;8;8;40;40;19;
1683716460;10.05.2023;11:01:00;8;18;19;8;15;8;8;40;40;19;
1683720060;10.05.2023;12:01:00;9;19;19;9;15;8;8;40;40;19;
1683723660;10.05.2023;13:01:00;10;19;19;9;15;9;9;40;40;17;
1683727260;10.05.2023;14:01:00;11;19;20;10;15;10;9;40;40;16;
1683730860;10.05.2023;15:01:00;12;19;20;11;16;10;10;40;40;16;
1683734460;10.05.2023;16:01:00;12;19;20;11;17;11;10;40;40;16;
1683738060;10.05.2023;17:01:00;13;19;20;12;18;11;10;40;40;16;
1683741660;10.05.2023;18:01:00;13;19;20;12;18;12;11;40;40;16;
1683745260;10.05.2023;19:01:00;12;20;20;12;19;12;11;40;40;16;
1683748860;10.05.2023;20:01:00;12;20;20;12;19;11;11;40;40;16;
1683752460;10.05.2023;21:01:00;11;20;21;11;20;11;10;40;40;16;
1683756060;10.05.2023;22:01:00;11;20;21;11;20;11;10;40;40;18;
1683759660;10.05.2023;23:01:00;10;20;21;10;20;10;10;40;40;18;
1683763260;11.05.2023;00:01:00;9;20;21;10;20;10;10;40;40;18;
1683766860;11.05.2023;01:01:00;9;20;21;9;20;9;9;40;40;18;
1683770460;11.05.2023;02:01:00;9;20;21;9;20;9;9;40;40;18;
1683774060;11.05.2023;03:01:00;8;20;21;9;20;9;9;40;40;18;
1683777660;11.05.2023;04:01:00;8;20;21;8;20;8;9;40;40;17;
1683781260;11.05.2023;05:01:00;8;20;21;8;19;8;8;40;40;17;
1683784860;11.05.2023;06:01:00;7;20;21;8;19;8;8;40;40;17;
1683788460;11.05.2023;07:01:00;7;20;21;8;19;8;8;40;40;17;
1683792060;11.05.2023;08:01:00;7;20;21;8;19;8;8;40;40;17;
1683795660;11.05.2023;09:01:00;8;20;21;8;19;8;8;40;40;17;
1683799260;11.05.2023;10:01:00;8;21;21;8;19;8;8;40;40;17;
1683802860;11.05.2023;11:01:00;8;20;21;8;19;8;8;40;40;17;
1683806460;11.05.2023;12:01:00;9;21;21;8;19;8;8;40;40;17;
1683810060;11.05.2023;13:01:00;9;21;21;9;19;9;9;40;40;18;
1683813660;11.05.2023;14:01:00;9;21;21;9;19;9;9;40;40;18;
1683817260;11.05.2023;15:01:00;9;21;21;9;19;9;9;40;40;18;
1683820860;11.05.2023;16:01:00;9;21;21;9;19;9;9;40;40;18;
1683824460;11.05.2023;17:01:00;10;21;21;9;19;9;9;40;40;18;
1683828060;11.05.2023;18:01:00;9;21;21;9;20;9;9;40;40;18;
1683831660;11.05.2023;19:01:00;9;21;21;9;20;9;9;40;40;18;
1683835260;11.05.2023;20:01:00;9;21;21;9;20;9;9;40;40;17;
1683838860;11.05.2023;21:01:00;9;21;21;9;20;9;9;40;40;17;
1683842460;11.05.2023;22:01:00;9;21;21;9;20;9;9;40;40;17;
1683846060;11.05.2023;23:01:00;9;21;21;9;20;9;9;40;40;17;
1683849660;12.05.2023;00:01:00;8;21;21;9;20;9;9;40;40;17;
1683853260;12.05.2023;01:01:00;8;21;21;8;20;8;8;40;40;17;
1683856860;12.05.2023;02:01:00;8;21;21;8;20;8;8;40;40;16;
1683860460;12.05.2023;03:01:00;7;21;21;8;19;8;8;40;40;16;
1683864060;12.05.2023;04:01:00;7;21;21;7;8;8;8;40;40;18;
1683867660;12.05.2023;05:01:00;7;52;35;6;7;8;8;40;40;18;
1683871260;12.05.2023;06:01:00;7;48;34;6;7;8;8;40;40;18;
1683874860;12.05.2023;07:01:00;7;46;34;6;7;8;8;40;40;18;
1683878460;12.05.2023;08:01:00;7;38;35;5;7;8;8;40;40;8;
1683882060;12.05.2023;09:01:00;7;36;34;6;7;8;8;40;40;8;
1683885660;12.05.2023;10:01:00;8;35;33;7;8;8;8;40;40;8;
1683889260;12.05.2023;11:01:00;8;33;32;8;10;8;8;40;40;8;
1683892860;12.05.2023;12:01:00;9;32;32;10;11;8;8;40;40;8;
1683896460;12.05.2023;13:01:00;10;31;31;12;14;9;9;40;40;5;
1683900060;12.05.2023;14:01:00;12;30;30;14;15;10;9;40;40;30;
1683903660;12.05.2023;15:01:00;13;30;30;15;17;11;10;40;40;30;
1683907260;12.05.2023;16:01:00;13;29;30;15;17;12;11;40;40;30;
1683910860;12.05.2023;17:01:00;13;29;29;16;17;12;11;40;40;30;
1683914460;12.05.2023;18:01:00;13;28;29;15;17;12;11;40;40;29;
1683918060;12.05.2023;19:01:00;13;28;29;14;16;12;11;40;40;29;
1683921660;12.05.2023;20:01:00;13;27;28;14;15;12;11;40;40;29;
1683925260;12.05.2023;21:01:00;12;27;28;12;14;12;11;40;40;28;
1683928860;12.05.2023;22:01:00;12;27;28;11;13;11;11;40;40;30;
1683932460;12.05.2023;23:01:00;11;27;28;10;12;11;10;40;40;31;
1683936060;13.05.2023;00:01:00;10;26;27;9;11;10;10;40;40;31;
1683939660;13.05.2023;01:01:00;10;26;27;9;10;10;10;40;40;31;
1683943260;13.05.2023;02:01:00;9;26;27;8;10;10;10;40;40;31;
1683946860;13.05.2023;03:01:00;9;26;27;8;10;9;9;40;40;30;
1683950460;13.05.2023;04:01:00;9;25;26;8;9;9;9;40;40;30;
1683954060;13.05.2023;05:01:00;9;25;26;7;9;9;9;40;40;30;
1683957660;13.05.2023;06:01:00;8;25;26;7;9;9;9;40;40;30;
1683961260;13.05.2023;07:01:00;8;25;26;7;9;9;9;40;40;30;
1683964860;13.05.2023;08:01:00;8;24;26;7;9;9;9;40;40;30;
1683968460;13.05.2023;09:01:00;9;24;25;8;9;9;9;40;40;30;
1683972060;13.05.2023;10:01:00;9;24;25;8;10;9;9;40;40;30;
1683975660;13.05.2023;11:01:00;9;24;25;9;11;9;9;40;40;31;
1683979260;13.05.2023;12:01:00;10;24;25;11;13;9;9;40;40;30;
1683982860;13.05.2023;13:01:00;11;24;25;13;15;10;10;40;40;28;
1683986460;13.05.2023;14:01:00;12;24;25;14;15;11;10;40;40;28;
1683990060;13.05.2023;15:01:00;12;24;25;14;16;11;10;40;40;28;
1683993660;13.05.2023;16:01:00;13;24;25;15;17;12;11;40;40;28;
1683997260;13.05.2023;17:01:00;13;24;25;15;17;12;11;40;40;28;
1684000860;13.05.2023;18:01:00;14;24;25;14;18;12;11;40;40;28;
1684004460;13.05.2023;19:01:00;14;23;25;14;17;13;12;40;40;28;
1684008060;13.05.2023;20:01:00;13;24;25;14;17;12;11;40;40;28;
1684011660;13.05.2023;21:01:00;12;24;25;13;17;12;11;40;40;28;
1684015260;13.05.2023;22:01:00;12;24;25;13;17;12;11;40;40;29;
1684018860;13.05.2023;23:01:00;11;23;25;12;16;11;11;40;40;29;
1684022460;14.05.2023;00:01:00;10;23;25;12;15;11;10;40;40;29;
1684026060;14.05.2023;01:01:00;10;23;25;11;15;10;10;40;40;30;
1684029660;14.05.2023;02:01:00;9;23;24;11;14;10;10;40;40;30;
1684033260;14.05.2023;03:01:00;9;23;24;11;14;10;9;40;40;30;
1684036860;14.05.2023;04:01:00;9;23;24;10;13;9;9;40;40;30;
1684040460;14.05.2023;05:01:00;9;23;24;10;13;9;9;40;40;30;
1684044060;14.05.2023;06:01:00;8;23;24;10;13;9;9;40;40;30;
1684047660;14.05.2023;07:01:00;8;23;24;9;12;9;9;40;40;29;
1684051260;14.05.2023;08:01:00;8;23;24;9;12;9;9;40;40;29;
1684054860;14.05.2023;09:01:00;8;23;24;9;12;8;9;40;40;30;
1684058460;14.05.2023;10:01:00;9;23;24;9;12;9;9;40;40;30;
1684062060;14.05.2023;11:01:00;9;23;24;10;12;9;9;40;40;30;
1684065660;14.05.2023;12:01:00;10;23;24;10;13;9;9;40;40;29;
1684069260;14.05.2023;13:01:00;11;23;24;11;13;10;10;40;40;28;
1684072860;14.05.2023;14:01:00;12;23;24;11;14;11;10;40;40;28;
1684076460;14.05.2023;15:01:00;12;23;24;12;15;11;10;40;40;29;
1684080060;14.05.2023;16:01:00;13;23;24;12;15;12;11;40;40;29;
1684083660;14.05.2023;17:01:00;14;23;24;13;16;12;11;40;40;28;
1684087260;14.05.2023;18:01:00;14;23;24;13;16;13;12;40;40;28;
1684090860;14.05.2023;19:01:00;14;23;24;14;17;13;12;40;40;28;
1684094460;14.05.2023;20:01:00;13;23;24;14;17;13;12;40;40;28;
1684098060;14.05.2023;21:01:00;13;23;24;13;17;12;11;40;40;28;
1684101660;14.05.2023;22:01:00;12;23;24;13;17;12;11;40;40;28;
1684105260;14.05.2023;23:01:00;11;23;24;13;16;11;11;40;40;29;
1684108860;15.05.2023;00:01:00;11;23;24;12;16;11;11;40;40;28;
1684112460;15.05.2023;01:01:00;10;23;24;11;15;10;10;40;40;28;
1684116060;15.05.2023;02:01:00;10;23;24;11;15;10;10;40;40;29;
1684119660;15.05.2023;03:01:00;9;23;24;11;14;10;10;40;40;28;
1684123260;15.05.2023;04:01:00;9;23;24;10;14;9;9;40;40;28;
1684126860;15.05.2023;05:01:00;9;23;24;10;13;9;9;40;40;28;
1684130460;15.05.2023;06:01:00;9;23;24;10;13;9;9;40;40;28;
1684134060;15.05.2023;07:01:00;9;23;24;10;13;9;9;40;40;28;
1684137660;15.05.2023;08:01:00;9;23;24;10;13;9;9;40;40;28;
1684141260;15.05.2023;09:01:00;9;23;24;10;13;9;9;40;40;28;
1684144860;15.05.2023;10:01:00;9;23;24;10;13;9;9;40;40;28;
1684148460;15.05.2023;11:01:00;10;23;24;10;13;9;9;40;40;29;
1684152060;15.05.2023;12:01:00;10;23;24;10;13;10;9;40;40;28;
1684155660;15.05.2023;13:01:00;11;23;24;11;14;10;10;40;40;28;
1684159260;15.05.2023;14:01:00;12;23;24;12;14;11;10;40;40;28;
1684162860;15.05.2023;15:01:00;12;23;24;12;15;11;11;40;40;28;
1684166460;15.05.2023;16:01:00;13;23;24;12;16;12;11;40;40;28;
1684170060;15.05.2023;17:01:00;13;23;24;13;16;12;11;40;40;28;
1684173660;15.05.2023;18:01:00;13;23;24;13;16;12;11;40;40;28;
1684177260;15.05.2023;19:01:00;13;23;24;13;16;12;11;40;40;28;
1684180860;15.05.2023;20:01:00;13;23;24;13;16;12;11;40;40;28;
1684184460;15.05.2023;21:01:00;12;23;24;13;17;12;11;40;40;28;
1684188060;15.05.2023;22:01:00;12;23;24;12;16;11;11;40;40;28;
1684191660;15.05.2023;23:01:00;11;23;24;12;16;11;11;40;40;28;
1684195260;16.05.2023;00:01:00;11;23;24;12;16;11;10;40;40;28;
1684198860;16.05.2023;01:01:00;10;23;24;11;15;10;10;40;40;28;
1684202460;16.05.2023;02:01:00;10;23;24;11;15;10;10;40;40;28;
1684206060;16.05.2023;03:01:00;10;23;24;11;15;10;10;40;40;28;
1684209660;16.05.2023;04:01:00;9;23;24;11;14;10;10;40;40;28;
1684213260;16.05.2023;05:01:00;9;23;24;10;14;9;9;40;40;28;
1684216860;16.05.2023;06:01:00;9;23;24;10;14;9;9;40;40;28;
1684220460;16.05.2023;07:01:00;9;23;24;10;14;9;9;40;40;28;
1684224060;16.05.2023;08:01:00;9;23;24;10;13;9;9;40;40;28;
1684227660;16.05.2023;09:01:00;9;23;24;10;13;9;9;40;40;28;
1684231260;16.05.2023;10:01:00;9;23;24;10;13;9;9;40;40;28;
1684234860;16.05.2023;11:01:00;9;23;24;10;13;9;9;40;40;28;
1684238460;16.05.2023;12:01:00;9;23;24;10;13;9;9;40;40;28;
1684242060;16.05.2023;13:01:00;9;23;24;10;13;9;9;40;40;28;
1684245660;16.05.2023;14:01:00;9;23;24;10;13;9;9;40;40;28;
1684249260;16.05.2023;15:01:00;10;23;24;10;14;9;9;40;40;28;
1684252860;16.05.2023;16:01:00;10;23;24;11;14;10;9;40;40;28;
1684256460;16.05.2023;17:01:00;11;23;24;11;14;10;10;40;40;28;
1684260060;16.05.2023;18:01:00;11;23;24;11;14;11;10;40;40;27;
1684263660;16.05.2023;19:01:00;11;23;24;12;15;11;10;40;40;27;
1684267260;16.05.2023;20:01:00;11;23;24;12;15;11;10;40;40;27;
1684270860;16.05.2023;21:01:00;11;23;24;12;15;11;10;40;40;27;
1684274460;16.05.2023;22:01:00;10;23;24;11;15;10;10;40;40;27;
1684278060;16.05.2023;23:01:00;10;23;24;11;15;10;10;40;40;27;
1684281660;17.05.2023;00:01:00;9;23;24;10;14;10;10;40;40;27;
1684285260;17.05.2023;01:01:00;9;23;24;10;14;9;9;40;40;27;
1684288860;17.05.2023;02:01:00;9;23;24;10;13;9;9;40;40;27;
1684292460;17.05.2023;03:01:00;8;23;24;10;13;9;9;40;40;27;
1684296060;17.05.2023;04:01:00;8;23;24;9;13;9;9;40;40;27;
1684299660;17.05.2023;05:01:00;8;23;24;9;13;9;9;40;40;27;
1684303260;17.05.2023;06:01:00;8;23;24;9;12;8;9;40;40;27;
1684306860;17.05.2023;07:01:00;8;23;23;9;12;8;9;40;40;27;
1684310460;17.05.2023;08:01:00;7;23;23;9;12;8;8;40;40;27;
1684314060;17.05.2023;09:01:00;8;23;23;9;12;8;8;40;40;27;
1684317660;17.05.2023;10:01:00;8;23;23;9;12;8;8;40;40;27;
1684321260;17.05.2023;11:01:00;8;23;23;9;12;8;9;40;40;27;
1684324860;17.05.2023;12:01:00;9;23;23;9;12;9;9;40;40;27;
1684328460;17.05.2023;13:01:00;10;23;23;10;13;9;9;40;40;27;
1684332060;17.05.2023;14:01:00;10;23;23;10;13;10;9;40;40;27;
1684335660;17.05.2023;15:01:00;11;23;23;11;14;10;10;40;40;27;
1684339260;17.05.2023;16:01:00;11;23;23;11;14;10;10;40;40;27;
1684342860;17.05.2023;17:01:00;12;23;23;12;14;11;10;40;40;27;
1684346460;17.05.2023;18:01:00;12;23;23;12;15;11;11;40;40;27;
1684350060;17.05.2023;19:01:00;12;23;23;12;16;11;11;40;40;27;
1684353660;17.05.2023;20:01:00;12;23;23;12;16;11;11;40;40;27;
1684357260;17.05.2023;21:01:00;11;23;23;12;16;11;11;40;40;27;
1684360860;17.05.2023;22:01:00;10;23;24;12;15;10;10;40;40;27;
1684364460;17.05.2023;23:01:00;10;23;24;11;15;10;10;40;40;27;
1684368060;18.05.2023;00:01:00;9;23;24;11;14;10;10;40;40;27;
1684371660;18.05.2023;01:01:00;9;23;24;10;14;9;9;40;40;27;
1684375260;18.05.2023;02:01:00;8;23;24;10;14;9;9;40;40;26;
1684378860;18.05.2023;03:01:00;8;23;24;10;13;9;9;40;40;26;
1684382460;18.05.2023;04:01:00;7;23;23;9;13;8;9;40;40;26;
1684386060;18.05.2023;05:01:00;7;23;23;9;12;8;8;40;40;26;
1684389660;18.05.2023;06:01:00;8;53;35;6;7;8;8;40;40;27;
1684393260;18.05.2023;07:01:00;8;50;35;6;8;8;8;40;40;27;
1684396860;18.05.2023;08:01:00;7;40;37;4;6;8;8;40;40;23;
1684400460;18.05.2023;09:01:00;7;38;36;5;7;8;8;40;40;24;
1684404060;18.05.2023;10:01:00;7;36;35;6;8;8;8;40;40;24;
1684407660;18.05.2023;11:01:00;8;35;34;7;9;8;8;40;40;25;
1684411260;18.05.2023;12:01:00;9;34;33;9;11;8;8;40;40;25;
1684414860;18.05.2023;13:01:00;10;33;33;11;13;9;9;40;40;25;
1684418460;18.05.2023;14:01:00;11;32;32;13;14;10;10;40;40;24;
1684422060;18.05.2023;15:01:00;12;31;31;14;16;11;10;40;40;24;
1684425660;18.05.2023;16:01:00;13;31;31;15;17;11;11;40;40;24;
1684429260;18.05.2023;17:01:00;13;30;30;15;17;12;11;40;40;24;
1684432860;18.05.2023;18:01:00;13;30;30;15;17;12;11;40;40;24;
1684436460;18.05.2023;19:01:00;13;29;30;14;16;12;11;40;40;24;
1684440060;18.05.2023;20:01:00;13;29;29;13;15;12;11;40;40;23;
1684443660;18.05.2023;21:01:00;12;28;29;12;13;12;11;40;40;23;
1684447260;18.05.2023;22:01:00;11;28;29;10;12;11;11;40;40;25;
1684450860;18.05.2023;23:01:00;10;28;28;10;11;11;10;40;40;25;
1684454460;19.05.2023;00:01:00;10;27;28;9;10;10;10;40;40;25;
1684458060;19.05.2023;01:01:00;9;27;28;8;10;10;10;40;40;25;
1684461660;19.05.2023;02:01:00;9;27;28;7;9;9;10;40;40;25;
1684465260;19.05.2023;03:01:00;9;26;27;7;9;9;9;40;40;25;
1684468860;19.05.2023;04:01:00;8;26;27;7;9;9;9;40;40;25;
1684472460;19.05.2023;05:01:00;8;26;27;7;9;9;9;40;40;25;
1684476060;19.05.2023;06:01:00;8;25;26;7;9;9;9;40;40;25;
1684479660;19.05.2023;07:01:00;8;25;26;7;9;9;9;40;40;25;
1684483260;19.05.2023;08:01:00;8;25;26;7;9;9;9;40;40;25;
1684486860;19.05.2023;09:01:00;8;25;26;7;9;9;9;40;40;25;
1684490460;19.05.2023;10:01:00;9;24;25;8;10;9;9;40;40;25;
1684494060;19.05.2023;11:01:00;9;24;25;8;10;9;9;40;40;25;
1684497660;19.05.2023;12:01:00;10;24;25;10;12;9;9;40;40;25;
1684501260;19.05.2023;13:01:00;10;24;25;10;13;10;9;40;40;25;
1684504860;19.05.2023;14:01:00;11;24;25;11;14;10;10;40;40;25;
1684508460;19.05.2023;15:01:00;12;24;25;11;14;11;10;40;40;25;
1684512060;19.05.2023;16:01:00;13;24;25;12;15;11;11;40;40;26;
1684515660;19.05.2023;17:01:00;13;24;25;12;15;12;11;40;40;25;
1684519260;19.05.2023;18:01:00;13;24;25;13;16;12;11;40;40;25;
1684522860;19.05.2023;19:01:00;13;24;25;13;16;12;11;40;40;25;
1684526460;19.05.2023;20:01:00;13;24;25;13;16;12;11;40;40;25;
1684530060;19.05.2023;21:01:00;12;24;25;13;16;12;11;40;40;25;
1684533660;19.05.2023;22:01:00;11;24;25;12;15;11;11;40;40;25;
1684537260;19.05.2023;23:01:00;11;24;25;12;15;11;10;40;40;25;
1684540860;20.05.2023;00:01:00;10;24;25;12;14;10;10;40;40;25;
1684544460;20.05.2023;01:01:00;10;24;24;11;14;10;10;40;40;25;
1684548060;20.05.2023;02:01:00;10;23;24;10;13;10;10;40;40;25;
1684551660;20.05.2023;03:01:00;10;23;24;10;13;10;10;40;40;25;
1684555260;20.05.2023;04:01:00;9;23;24;10;13;10;10;40;40;25;
1684558860;20.05.2023;05:01:00;9;23;24;10;13;9;9;40;40;25;
1684562460;20.05.2023;06:01:00;9;23;24;10;13;9;9;40;40;25;
1684566060;20.05.2023;07:01:00;9;23;24;10;13;9;9;40;40;25;
1684569660;20.05.2023;08:01:00;9;23;24;10;12;9;9;40;40;25;
1684573260;20.05.2023;09:01:00;9;23;24;10;12;9;9;40;40;25;
1684576860;20.05.2023;10:01:00;9;23;24;10;12;9;9;40;40;25;
1684580460;20.05.2023;11:01:00;10;23;24;10;13;9;9;40;40;25;
1684584060;20.05.2023;12:01:00;11;23;24;10;13;10;10;40;40;25;
1684587660;20.05.2023;13:01:00;12;23;24;11;14;11;10;40;40;24;
1684591260;20.05.2023;14:01:00;13;23;24;12;14;11;11;40;40;25;
1684594860;20.05.2023;15:01:00;14;23;24;12;15;12;11;40;40;25;
1684598460;20.05.2023;16:01:00;14;23;24;13;16;13;12;40;40;25;
1684602060;20.05.2023;17:01:00;15;23;24;14;17;13;12;40;40;24;
1684605660;20.05.2023;18:01:00;15;23;24;14;17;14;13;40;40;24;
1684609260;20.05.2023;19:01:00;14;23;24;14;17;14;13;40;40;24;
1684612860;20.05.2023;20:01:00;14;23;24;14;17;13;12;40;40;24;
1684616460;20.05.2023;21:01:00;13;23;24;14;17;13;12;40;40;24;
1684620060;20.05.2023;22:01:00;13;23;24;13;17;12;12;40;40;24;
1684623660;20.05.2023;23:01:00;12;23;24;13;16;12;11;40;40;24;
1684627260;21.05.2023;00:01:00;11;23;24;12;15;11;11;40;40;24;
1684630860;21.05.2023;01:01:00;11;23;24;12;15;11;11;40;40;24;
1684634460;21.05.2023;02:01:00;10;23;24;11;14;10;10;40;40;24;
1684638060;21.05.2023;03:01:00;10;23;24;11;14;10;10;40;40;24;
1684641660;21.05.2023;04:01:00;9;23;24;10;13;10;10;40;40;24;
1684645260;21.05.2023;05:01:00;9;23;24;10;13;10;10;40;40;24;
1684648860;21.05.2023;06:01:00;9;23;24;10;12;9;9;40;40;24;
1684652460;21.05.2023;07:01:00;8;23;24;9;12;9;9;40;40;24;
1684656060;21.05.2023;08:01:00;8;23;24;9;12;9;9;40;40;24;
1684659660;21.05.2023;09:01:00;9;23;24;9;12;9;9;40;40;24;
1684663260;21.05.2023;10:01:00;9;23;24;9;12;9;9;40;40;24;
1684666860;21.05.2023;11:01:00;10;23;24;10;13;9;9;40;40;24;
1684670460;21.05.2023;12:01:00;11;23;24;10;13;10;10;40;40;24;
1684674060;21.05.2023;13:01:00;12;23;24;11;14;11;10;40;40;23;
1684677660;21.05.2023;14:01:00;13;23;24;12;15;12;11;40;40;24;
1684681260;21.05.2023;15:01:00;14;23;24;13;15;13;11;40;40;24;
1684684860;21.05.2023;16:01:00;15;23;24;14;16;13;12;40;40;24;
1684688460;21.05.2023;17:01:00;15;23;24;14;17;14;13;40;40;23;
1684692060;21.05.2023;18:01:00;15;23;24;15;17;14;13;40;40;23;
1684695660;21.05.2023;19:01:00;15;24;24;15;18;14;13;40;40;23;
1684699260;21.05.2023;20:01:00;14;24;24;15;18;14;13;40;40;23;
1684702860;21.05.2023;21:01:00;14;24;24;15;17;13;13;40;40;23;
1684706460;21.05.2023;22:01:00;13;24;24;14;17;13;12;40;40;23;
1684710060;21.05.2023;23:01:00;12;24;24;13;17;12;12;40;40;23;
1684713660;22.05.2023;00:01:00;12;24;24;13;16;12;11;40;40;24;
1684717260;22.05.2023;01:01:00;11;24;24;13;15;11;11;40;40;23;
1684720860;22.05.2023;02:01:00;11;24;24;12;15;11;11;40;40;23;
1684724460;22.05.2023;03:01:00;10;24;24;11;14;10;10;40;40;23;
1684728060;22.05.2023;04:01:00;10;24;24;11;14;10;10;40;40;23;
1684731660;22.05.2023;05:01:00;9;24;24;11;13;10;10;40;40;23;
1684735260;22.05.2023;06:01:00;9;24;24;10;13;10;10;40;40;23;
1684738860;22.05.2023;07:01:00;9;23;24;10;13;10;10;40;40;23;
1684742460;22.05.2023;08:01:00;9;23;24;10;13;9;10;40;40;23;
1684746060;22.05.2023;09:01:00;9;23;24;10;13;9;9;40;40;28;
1684749660;22.05.2023;10:01:00;9;23;24;10;14;9;9;40;40;24;
1684753260;22.05.2023;11:01:00;10;23;24;10;12;10;10;40;40;22;
1684756860;22.05.2023;12:01:00;10;39;29;6;15;10;10;40;40;26;
1684760460;22.05.2023;13:01:00;12;40;24;6;15;11;10;40;40;25;
1684764060;22.05.2023;14:01:00;13;37;21;7;16;12;11;40;40;25;
1684767660;22.05.2023;15:01:00;14;40;21;8;17;12;12;40;40;25;
1684771260;22.05.2023;16:01:00;14;41;26;9;19;13;12;40;40;25;
1684774860;22.05.2023;17:01:00;14;39;27;10;20;13;12;40;40;25;
1684778460;22.05.2023;18:01:00;15;38;22;9;19;13;13;40;40;24;
1684782060;22.05.2023;19:01:00;15;41;26;8;18;14;13;40;40;24;
1684785660;22.05.2023;20:01:00;15;38;23;7;17;14;13;40;40;24;
1684789260;22.05.2023;21:01:00;15;39;27;6;15;14;13;40;40;24;
1684792860;22.05.2023;22:01:00;15;39;26;5;14;14;14;40;40;24;
1684796460;22.05.2023;23:01:00;15;38;27;4;12;14;14;40;40;24;
1684800060;23.05.2023;00:01:00;15;36;23;2;11;14;13;40;40;24;
1684803660;23.05.2023;01:01:00;15;37;26;2;10;14;13;40;40;24;
1684807260;23.05.2023;02:01:00;15;37;26;1;9;14;13;40;40;24;
1684810860;23.05.2023;03:01:00;15;36;23;0;8;14;13;40;40;24;
1684814460;23.05.2023;04:01:00;15;37;26;0;8;14;13;40;40;24;
1684818060;23.05.2023;05:01:00;15;36;23;0;7;14;13;40;40;24;
1684821660;23.05.2023;06:01:00;14;36;26;0;6;14;13;40;40;24;
1684825260;23.05.2023;07:01:00;14;35;24;0;6;14;13;40;40;24;
1684828860;23.05.2023;08:01:00;14;36;25;0;6;14;13;40;40;24;
1684832460;23.05.2023;09:01:00;14;36;26;0;7;14;13;40;40;24;
1684836060;23.05.2023;10:01:00;14;35;23;0;8;14;13;40;40;24;
1684839660;23.05.2023;11:01:00;14;35;24;0;8;14;13;40;40;24;
1684843260;23.05.2023;12:01:00;15;37;24;1;9;14;13;40;40;24;
1684846860;23.05.2023;13:01:00;14;36;24;1;10;14;13;40;40;25;
1684850460;23.05.2023;14:01:00;14;31;24;5;10;14;13;40;40;25;
1684854060;23.05.2023;15:01:00;14;36;23;3;12;13;13;40;40;24;
1684857660;23.05.2023;16:01:00;15;38;24;3;12;14;13;40;40;23;
1684861260;23.05.2023;17:01:00;15;38;27;4;12;14;13;40;40;23;
1684864860;23.05.2023;18:01:00;15;36;24;3;12;14;14;40;40;23;
1684868460;23.05.2023;19:01:00;15;38;26;3;11;14;14;40;40;23;
1684872060;23.05.2023;20:01:00;15;37;23;2;11;14;14;40;40;23;
1684875660;23.05.2023;21:01:00;15;37;23;1;10;14;14;40;40;23;
1684879260;23.05.2023;22:01:00;15;37;23;1;9;14;14;40;40;22;
1684882860;23.05.2023;23:01:00;15;36;25;0;8;14;14;40;40;22;
1684886460;24.05.2023;00:01:00;15;36;25;0;7;14;14;40;40;23;
1684890060;24.05.2023;01:01:00;15;36;26;-1;6;14;14;40;40;23;
1684893660;24.05.2023;02:01:00;15;35;23;-1;5;14;14;40;40;23;
1684897260;24.05.2023;03:01:00;14;31;25;0;5;14;13;40;40;24;
1684900860;24.05.2023;04:01:00;13;30;24;0;5;13;13;40;40;24;
1684904460;24.05.2023;05:01:00;13;30;25;0;5;13;12;40;40;25;
1684908060;24.05.2023;06:01:00;13;30;24;0;5;13;12;40;40;24;
1684911660;24.05.2023;07:01:00;12;17;17;4;5;12;12;40;40;24;
1684915260;24.05.2023;08:01:00;11;31;25;2;6;12;11;40;40;24;
1684918860;24.05.2023;09:01:00;12;30;24;2;6;12;11;40;40;25;
1684922460;24.05.2023;10:01:00;12;30;25;3;8;12;11;40;40;25;
1684926060;24.05.2023;11:01:00;12;36;22;1;9;12;11;40;40;25;
1684929660;24.05.2023;12:01:00;13;30;24;5;11;12;12;40;40;27;
1684933260;24.05.2023;13:01:00;13;38;27;4;13;12;12;40;40;25;
1684936860;24.05.2023;14:01:00;14;39;27;4;13;13;12;40;40;24;
1684940460;24.05.2023;15:01:00;14;39;26;5;14;13;13;40;40;24;
1684944060;24.05.2023;16:01:00;15;40;26;5;14;14;13;40;40;24;
1684947660;24.05.2023;17:01:00;15;39;26;5;14;14;13;40;40;24;
1684951260;24.05.2023;18:01:00;15;39;27;5;14;14;14;40;40;24;
1684954860;24.05.2023;19:01:00;15;37;26;4;13;14;14;40;40;23;
1684958460;24.05.2023;20:01:00;15;38;23;4;12;14;14;40;40;23;
1684962060;24.05.2023;21:01:00;15;37;26;2;11;14;14;40;40;23;
1684965660;24.05.2023;22:01:00;15;37;26;1;10;14;14;40;40;23;
1684969260;24.05.2023;23:01:00;15;35;24;0;9;14;14;40;40;23;
1684972860;25.05.2023;00:01:00;15;36;23;0;7;14;14;40;40;23;
1684976460;25.05.2023;01:01:00;15;35;24;-1;6;14;14;40;40;23;
1684980060;25.05.2023;02:01:00;15;36;24;-1;5;14;14;40;40;23;
1684983660;25.05.2023;03:01:00;14;30;25;0;5;14;13;40;40;24;
1684987260;25.05.2023;04:01:00;13;30;25;0;4;13;13;40;40;25;
1684990860;25.05.2023;05:01:00;13;30;25;-1;4;13;13;40;40;25;
1684994460;25.05.2023;06:01:00;13;29;24;0;3;13;12;40;40;24;
1684998060;25.05.2023;07:01:00;12;17;17;2;4;12;12;40;40;23;
1685001660;25.05.2023;08:01:00;11;31;26;0;5;12;12;40;40;23;
1685005260;25.05.2023;09:01:00;12;30;24;0;5;12;11;40;40;24;
1685008860;25.05.2023;10:01:00;12;30;25;1;6;12;11;40;40;24;
1685012460;25.05.2023;11:01:00;13;34;24;0;7;12;12;40;40;24;
1685016060;25.05.2023;12:01:00;14;38;26;1;9;13;12;40;40;24;
1685019660;25.05.2023;13:01:00;14;38;24;3;11;13;13;40;40;23;
1685023260;25.05.2023;14:01:00;14;38;26;4;13;14;13;40;40;23;
1685026860;25.05.2023;15:01:00;15;38;26;6;15;14;13;40;40;24;
1685030460;25.05.2023;16:01:00;15;39;27;7;16;14;14;40;40;23;
1685034060;25.05.2023;17:01:00;15;40;25;7;16;14;14;40;40;23;
1685037660;25.05.2023;18:01:00;15;40;24;7;16;15;14;40;40;23;
1685041260;25.05.2023;19:01:00;16;39;24;6;15;15;14;40;40;23;
1685044860;25.05.2023;20:01:00;16;38;27;4;13;15;15;40;40;23;
1685048460;25.05.2023;21:01:00;16;38;25;3;11;15;15;40;40;23;
1685052060;25.05.2023;22:01:00;15;36;24;2;10;15;15;40;40;23;
1685055660;25.05.2023;23:01:00;15;37;26;0;8;15;15;40;40;23;
1685059260;26.05.2023;00:01:00;15;35;25;0;7;14;14;40;40;22;
1685062860;26.05.2023;01:01:00;15;36;25;-1;6;14;14;40;40;22;
1685066460;26.05.2023;02:01:00;15;30;24;0;5;14;14;40;40;23;
1685070060;26.05.2023;03:01:00;14;30;25;0;5;14;14;40;40;23;
1685073660;26.05.2023;04:01:00;13;30;24;0;4;13;13;40;40;24;
1685077260;26.05.2023;05:01:00;13;30;25;0;4;13;13;40;40;24;
1685080860;26.05.2023;06:01:00;13;29;24;0;4;13;13;40;40;23;
1685084460;26.05.2023;07:01:00;12;17;17;2;4;12;12;40;40;23;
1685088060;26.05.2023;08:01:00;11;31;26;0;5;12;12;40;40;23;
1685091660;26.05.2023;09:01:00;12;29;24;1;5;12;12;40;40;23;
1685095260;26.05.2023;10:01:00;12;31;25;1;6;12;12;40;40;23;
1685098860;26.05.2023;11:01:00;13;37;25;0;7;12;12;40;40;23;
1685102460;26.05.2023;12:01:00;14;37;22;1;9;13;12;40;40;23;
1685106060;26.05.2023;13:01:00;14;37;22;3;11;13;13;40;40;23;
1685109660;26.05.2023;14:01:00;15;39;27;4;13;14;13;40;40;23;
1685113260;26.05.2023;15:01:00;15;38;27;6;15;14;13;40;40;23;
1685116860;26.05.2023;16:01:00;15;39;27;7;17;14;14;40;40;23;
1685120460;26.05.2023;17:01:00;16;40;24;8;17;15;14;40;40;23;
1685124060;26.05.2023;18:01:00;16;38;23;7;17;15;14;40;40;22;
1685127660;26.05.2023;19:01:00;16;38;23;7;16;15;15;40;40;22;
1685131260;26.05.2023;20:01:00;16;39;26;5;14;15;15;40;40;22;
1685134860;26.05.2023;21:01:00;16;37;25;4;12;15;15;40;40;22;
1685138460;26.05.2023;22:01:00;16;36;23;2;10;15;15;40;40;22;
1685142060;26.05.2023;23:01:00;15;36;25;1;9;15;15;40;40;22;
1685145660;27.05.2023;00:01:00;15;37;24;0;7;15;15;40;40;22;
1685149260;27.05.2023;01:01:00;15;35;24;-1;6;15;15;40;40;22;
1685152860;27.05.2023;02:01:00;15;30;25;0;5;15;15;40;40;22;
1685156460;27.05.2023;03:01:00;14;30;25;0;4;14;14;40;40;23;
1685160060;27.05.2023;04:01:00;14;30;25;0;4;14;14;40;40;23;
1685163660;27.05.2023;05:01:00;13;30;25;-1;3;13;13;40;40;23;
1685167260;27.05.2023;06:01:00;13;29;25;-1;3;13;13;40;40;23;
1685170860;27.05.2023;07:01:00;12;17;17;2;3;12;12;40;40;23;
1685174460;27.05.2023;08:01:00;11;30;25;0;5;12;12;40;40;22;
1685178060;27.05.2023;09:01:00;12;30;24;0;5;12;12;40;40;23;
1685181660;27.05.2023;10:01:00;12;31;25;1;6;12;12;40;40;23;
1685185260;27.05.2023;11:01:00;13;37;25;0;7;12;12;40;40;23;
1685188860;27.05.2023;12:01:00;14;36;25;1;9;13;12;40;40;23;
1685192460;27.05.2023;13:01:00;14;37;26;3;11;13;13;40;40;23;
1685196060;27.05.2023;14:01:00;15;37;22;5;13;14;13;40;40;23;
1685199660;27.05.2023;15:01:00;15;38;22;6;15;14;14;40;40;22;
1685203260;27.05.2023;16:01:00;15;39;23;6;15;14;14;40;40;22;
1685206860;27.05.2023;17:01:00;16;40;25;6;14;15;14;40;40;22;
1685210460;27.05.2023;18:01:00;16;37;25;5;14;15;14;40;40;22;
1685214060;27.05.2023;19:01:00;16;38;26;4;13;15;14;40;40;22;
1685217660;27.05.2023;20:01:00;16;37;23;3;11;15;14;40;40;22;
1685221260;27.05.2023;21:01:00;16;36;25;2;10;15;14;40;40;21;
1685224860;27.05.2023;22:01:00;16;36;24;1;9;15;14;40;40;21;
1685228460;27.05.2023;23:01:00;15;36;25;0;8;15;14;40;40;21;
1685232060;28.05.2023;00:01:00;15;35;25;0;7;15;14;40;40;21;
1685235660;28.05.2023;01:01:00;15;36;25;-1;6;15;14;40;40;21;
1685239260;28.05.2023;02:01:00;15;35;24;-1;5;15;14;40;40;21;
1685242860;28.05.2023;03:01:00;14;30;25;0;5;14;14;40;40;22;
1685246460;28.05.2023;04:01:00;14;30;25;0;5;14;14;40;40;23;
1685250060;28.05.2023;05:01:00;14;30;24;0;4;13;13;40;40;23;
1685253660;28.05.2023;06:01:00;13;19;18;2;4;13;13;40;40;22;
1685257260;28.05.2023;07:01:00;12;17;17;3;5;12;12;40;40;22;
1685260860;28.05.2023;08:01:00;11;30;25;1;5;12;12;40;40;22;
1685264460;28.05.2023;09:01:00;12;30;25;1;5;12;12;40;40;22;
1685268060;28.05.2023;10:01:00;13;30;24;1;6;12;12;40;40;22;
1685271660;28.05.2023;11:01:00;13;35;24;0;7;12;12;40;40;22;
1685275260;28.05.2023;12:01:00;14;36;23;0;8;13;12;40;40;22;
1685278860;28.05.2023;13:01:00;14;38;26;2;10;13;13;40;40;22;
1685282460;28.05.2023;14:01:00;15;38;23;4;13;14;13;40;40;22;
1685286060;28.05.2023;15:01:00;15;40;26;6;15;14;14;40;40;22;
1685289660;28.05.2023;16:01:00;15;40;26;7;16;14;14;40;40;21;
1685293260;28.05.2023;17:01:00;16;40;27;7;17;15;14;40;40;21;
1685296860;28.05.2023;18:01:00;16;39;27;7;16;15;15;40;40;21;
1685300460;28.05.2023;19:01:00;16;38;23;6;15;15;15;40;40;21;
1685304060;28.05.2023;20:01:00;16;37;24;4;13;15;15;40;40;21;
1685307660;28.05.2023;21:01:00;16;37;24;3;11;15;15;40;40;21;
1685311260;28.05.2023;22:01:00;16;37;26;1;10;15;15;40;40;21;
1685314860;28.05.2023;23:01:00;16;37;25;0;8;15;15;40;40;21;
1685318460;29.05.2023;00:01:00;16;36;26;0;6;15;15;40;40;21;
1685322060;29.05.2023;01:01:00;15;35;25;-1;5;15;15;40;40;21;
1685325660;29.05.2023;02:01:00;15;30;24;0;5;14;14;40;40;21;
1685329260;29.05.2023;03:01:00;14;30;24;-1;4;14;14;40;40;23;
1685332860;29.05.2023;04:01:00;13;29;25;-1;3;13;13;40;40;22;
1685336460;29.05.2023;05:01:00;13;30;25;-1;3;13;13;40;40;22;
1685340060;29.05.2023;06:01:00;12;17;17;2;3;13;13;40;40;22;
1685343660;29.05.2023;07:01:00;12;16;16;2;4;12;12;40;40;21;
1685347260;29.05.2023;08:01:00;11;15;15;2;4;12;12;40;40;21;
1685350860;29.05.2023;09:01:00;12;30;25;0;5;11;11;40;40;21;
1685354460;29.05.2023;10:01:00;12;30;24;1;6;12;12;40;40;22;
1685358060;29.05.2023;11:01:00;12;36;25;0;7;12;12;40;40;22;
1685361660;29.05.2023;12:01:00;14;37;23;0;8;13;12;40;40;21;
1685365260;29.05.2023;13:01:00;14;38;24;2;11;13;13;40;40;21;
1685368860;29.05.2023;14:01:00;15;38;23;3;11;14;13;40;40;21;
1685372460;29.05.2023;15:01:00;15;36;24;3;12;14;13;40;40;21;
1685376060;29.05.2023;16:01:00;15;39;26;4;13;14;14;40;40;21;
1685379660;29.05.2023;17:01:00;15;38;23;4;13;14;14;40;40;21;
1685383260;29.05.2023;18:01:00;15;37;23;4;12;15;14;40;40;21;
1685386860;29.05.2023;19:01:00;16;38;26;3;12;15;14;40;40;21;
1685390460;29.05.2023;20:01:00;16;36;25;2;11;15;14;40;40;20;
1685394060;29.05.2023;21:01:00;16;36;25;1;10;15;14;40;40;20;
1685397660;29.05.2023;22:01:00;15;37;24;0;8;15;15;40;40;20;
1685401260;29.05.2023;23:01:00;15;36;24;0;7;15;14;40;40;20;
1685404860;30.05.2023;00:01:00;15;36;25;-1;6;15;14;40;40;20;
1685408460;30.05.2023;01:01:00;15;30;24;0;5;15;14;40;40;21;
1685412060;30.05.2023;02:01:00;14;30;24;0;5;14;14;40;40;21;
1685415660;30.05.2023;03:01:00;14;30;24;-1;4;14;13;40;40;22;
1685419260;30.05.2023;04:01:00;13;30;25;-1;4;13;13;40;40;22;
1685422860;30.05.2023;05:01:00;13;30;25;-1;3;13;13;40;40;22;
1685426460;30.05.2023;06:01:00;12;17;17;2;4;13;13;40;40;21;
1685430060;30.05.2023;07:01:00;12;16;16;2;4;12;12;40;40;21;
1685433660;30.05.2023;08:01:00;11;15;15;3;5;12;12;40;40;21;
1685437260;30.05.2023;09:01:00;11;30;25;1;5;11;11;40;40;21;
1685440860;30.05.2023;10:01:00;12;37;26;0;6;12;12;40;40;21;
1685444460;30.05.2023;11:01:00;14;36;22;0;7;13;12;40;40;21;
1685448060;30.05.2023;12:01:00;14;36;26;1;10;13;13;40;40;21;
1685451660;30.05.2023;13:01:00;15;37;26;4;12;14;13;40;40;21;
1685455260;30.05.2023;14:01:00;15;39;23;6;15;14;13;40;40;21;
1685458860;30.05.2023;15:01:00;15;40;24;7;17;14;14;40;40;20;
1685462460;30.05.2023;16:01:00;16;41;24;8;18;15;14;40;40;20;
1685466060;30.05.2023;17:01:00;16;40;24;9;18;15;15;40;40;20;
1685469660;30.05.2023;18:01:00;16;41;25;8;18;15;15;40;40;20;
1685473260;30.05.2023;19:01:00;16;40;26;7;17;15;15;40;40;20;
1685476860;30.05.2023;20:01:00;16;38;23;6;15;15;15;40;40;20;
1685480460;30.05.2023;21:01:00;16;39;26;5;13;15;15;40;40;20;
1685484060;30.05.2023;22:01:00;16;38;25;3;12;15;15;40;40;20;
1685487660;30.05.2023;23:01:00;16;37;23;2;10;15;15;40;40;20;
1685491260;31.05.2023;00:01:00;16;36;24;0;8;15;15;40;40;19;
1685494860;31.05.2023;01:01:00;16;36;25;0;7;15;15;40;40;19;
1685498460;31.05.2023;02:01:00;16;36;24;-1;6;15;15;40;40;19;
1685502060;31.05.2023;03:01:00;15;35;25;-2;5;15;15;40;40;19;
1685505660;31.05.2023;04:01:00;15;30;25;0;5;14;14;40;40;20;
1685509260;31.05.2023;05:01:00;14;30;24;0;5;14;14;40;40;20;
1685512860;31.05.2023;06:01:00;14;30;25;0;5;14;14;40;40;20;
1685516460;31.05.2023;07:01:00;14;30;25;0;5;13;14;40;40;20;
1685520060;31.05.2023;08:01:00;14;30;25;1;6;13;13;40;40;20;
1685523660;31.05.2023;09:01:00;14;35;24;-1;6;13;13;40;40;20;
1685527260;31.05.2023;10:01:00;15;36;26;0;7;14;14;40;40;20;
1685530860;31.05.2023;11:01:00;15;35;23;1;8;14;14;40;40;20;
1685534460;31.05.2023;12:01:00;15;37;26;2;11;14;14;40;40;20;
1685538060;31.05.2023;13:01:00;16;37;23;4;13;15;15;40;40;20;
1685541660;31.05.2023;14:01:00;16;38;25;7;16;15;15;40;40;20;
1685545260;31.05.2023;15:01:00;16;39;23;8;18;15;15;40;40;20;
1685548860;31.05.2023;16:01:00;16;41;25;10;19;15;15;40;40;20;
1685552460;31.05.2023;17:01:00;17;41;25;10;20;16;16;40;40;19;
1685556060;31.05.2023;18:01:00;17;40;25;10;20;16;16;40;40;19;
1685559660;31.05.2023;19:01:00;17;40;26;9;19;16;16;40;40;14;
1685563260;31.05.2023;20:01:00;17;39;25;8;17;16;16;40;40;13;
1685566860;31.05.2023;21:01:00;17;38;24;6;15;16;16;40;40;13;
1685570460;31.05.2023;22:01:00;17;38;24;4;13;16;16;40;40;13;
1685574060;31.05.2023;23:01:00;17;37;24;3;11;16;16;40;40;13;
1685577660;01.06.2023;00:01:00;16;37;25;1;10;16;16;40;40;13;
1685581260;01.06.2023;01:01:00;16;37;24;0;8;16;16;40;40;13;
1685584860;01.06.2023;02:01:00;16;37;24;0;7;16;16;40;40;13;
1685588460;01.06.2023;03:01:00;16;36;26;-1;6;15;15;40;40;13;
1685592060;01.06.2023;04:01:00;16;35;25;-1;5;15;15;40;40;13;
1685595660;01.06.2023;05:01:00;15;30;25;0;5;15;15;40;40;14;
1685599260;01.06.2023;06:01:00;15;30;25;0;4;14;14;40;40;14;
1685602860;01.06.2023;07:01:00;14;30;24;0;4;14;14;40;40;13;
1685606460;01.06.2023;08:01:00;14;30;25;0;5;14;14;40;40;14;
1685610060;01.06.2023;09:01:00;14;30;24;1;6;14;14;40;40;14;
1685613660;01.06.2023;10:01:00;14;35;25;-1;6;14;14;40;40;13;
1685617260;01.06.2023;11:01:00;15;37;26;0;7;14;14;40;40;13;
1685620860;01.06.2023;12:01:00;15;36;23;0;8;14;14;40;40;13;
1685624460;01.06.2023;13:01:00;15;37;26;1;10;15;15;40;40;13;
1685628060;01.06.2023;14:01:00;16;37;25;3;12;15;15;40;40;13;
1685631660;01.06.2023;15:01:00;16;38;26;4;13;15;15;40;40;13;
1685635260;01.06.2023;16:01:00;16;39;26;6;15;15;15;40;40;13;
1685638860;01.06.2023;17:01:00;16;38;25;6;16;15;15;40;40;13;
1685642460;01.06.2023;18:01:00;16;38;25;6;16;16;15;40;40;13;
1685646060;01.06.2023;19:01:00;17;38;23;6;15;16;16;40;40;13;
1685649660;01.06.2023;20:01:00;17;38;25;4;13;16;16;40;40;12;
1685653260;01.06.2023;21:01:00;16;37;25;3;12;16;16;40;40;12;
1685656860;01.06.2023;22:01:00;16;37;24;2;10;16;15;40;40;12;
1685660460;01.06.2023;23:01:00;16;37;25;0;8;16;15;40;40;12;
1685664060;02.06.2023;00:01:00;16;36;25;0;7;16;15;40;40;12;
1685667660;02.06.2023;01:01:00;16;36;24;-1;6;15;15;40;40;12;
1685671260;02.06.2023;02:01:00;16;30;24;0;5;15;15;40;40;13;
1685674860;02.06.2023;03:01:00;15;30;24;0;4;15;15;40;40;13;
1685678460;02.06.2023;04:01:00;14;30;25;-1;4;14;14;40;40;13;
1685682060;02.06.2023;05:01:00;14;30;25;-1;3;14;14;40;40;14;
1685685660;02.06.2023;06:01:00;14;18;18;1;3;14;14;40;40;13;
1685689260;02.06.2023;07:01:00;12;17;17;2;3;13;13;40;40;13;
1685692860;02.06.2023;08:01:00;12;30;25;0;4;12;13;40;40;13;
1685696460;02.06.2023;09:01:00;13;30;25;0;4;13;13;40;40;13;
1685700060;02.06.2023;10:01:00;13;30;25;1;6;13;13;40;40;13;
1685703660;02.06.2023;11:01:00;14;37;25;0;7;13;13;40;40;13;
1685707260;02.06.2023;12:01:00;15;38;25;1;9;14;14;40;40;13;
1685710860;02.06.2023;13:01:00;15;37;25;3;11;14;14;40;40;12;
1685714460;02.06.2023;14:01:00;15;39;23;5;14;15;14;40;40;12;
1685718060;02.06.2023;15:01:00;16;38;24;7;16;15;15;40;40;12;
1685721660;02.06.2023;16:01:00;16;40;25;8;18;15;15;40;40;12;
1685725260;02.06.2023;17:01:00;16;40;24;9;18;15;15;40;40;12;
1685728860;02.06.2023;18:01:00;17;39;24;9;18;16;16;40;40;12;
1685732460;02.06.2023;19:01:00;17;39;25;8;17;16;16;40;40;12;
1685736060;02.06.2023;20:01:00;17;38;23;6;16;16;16;40;40;11;
1685739660;02.06.2023;21:01:00;17;38;24;5;13;16;16;40;40;11;
1685743260;02.06.2023;22:01:00;17;38;24;3;11;16;16;40;40;11;
1685746860;02.06.2023;23:01:00;16;37;25;1;10;16;16;40;40;11;
1685750460;03.06.2023;00:01:00;16;36;25;0;8;16;16;40;40;11;
1685754060;03.06.2023;01:01:00;16;37;25;0;6;16;16;40;40;11;
1685757660;03.06.2023;02:01:00;16;36;24;-1;5;15;15;40;40;11;
1685761260;03.06.2023;03:01:00;16;30;25;0;5;15;15;40;40;11;
1685764860;03.06.2023;04:01:00;15;31;25;0;5;15;15;40;40;13;
1685768460;03.06.2023;05:01:00;14;30;24;0;5;14;14;40;40;13;
1685772060;03.06.2023;06:01:00;14;30;25;0;5;14;14;40;40;12;
1685775660;03.06.2023;07:01:00;14;30;24;0;5;14;14;40;40;12;
1685779260;03.06.2023;08:01:00;14;30;25;0;5;14;14;40;40;12;
1685782860;03.06.2023;09:01:00;14;36;26;-1;6;14;14;40;40;11;
1685786460;03.06.2023;10:01:00;15;35;23;0;7;14;14;40;40;10;
1685790060;03.06.2023;11:01:00;15;35;23;0;8;14;14;40;40;10;
1685793660;03.06.2023;12:01:00;15;37;23;2;10;15;15;40;40;10;
1685797260;03.06.2023;13:01:00;16;39;25;4;13;15;15;40;40;10;
1685800860;03.06.2023;14:01:00;16;37;24;6;15;15;15;40;40;11;
1685804460;03.06.2023;15:01:00;16;38;24;7;17;15;15;40;40;11;
1685808060;03.06.2023;16:01:00;17;40;24;8;18;16;16;40;40;11;
1685811660;03.06.2023;17:01:00;17;40;24;9;19;16;16;40;40;11;
1685815260;03.06.2023;18:01:00;17;40;24;9;19;16;16;40;40;11;
1685818860;03.06.2023;19:01:00;17;39;25;8;17;16;16;40;40;11;
1685822460;03.06.2023;20:01:00;17;39;24;6;16;16;16;40;40;11;
1685826060;03.06.2023;21:01:00;17;38;25;5;14;16;16;40;40;10;
1685829660;03.06.2023;22:01:00;17;37;25;3;12;16;16;40;40;10;
1685833260;03.06.2023;23:01:00;17;37;25;2;10;16;16;40;40;10;
1685836860;04.06.2023;00:01:00;17;37;25;1;9;16;16;40;40;9;
1685840460;04.06.2023;01:01:00;17;37;25;0;7;16;16;40;40;9;
1685844060;04.06.2023;02:01:00;16;36;24;-1;6;16;16;40;40;9;
1685847660;04.06.2023;03:01:00;16;35;24;-2;5;16;16;40;40;9;
1685851260;04.06.2023;04:01:00;15;30;25;0;5;15;15;40;40;11;
1685854860;04.06.2023;05:01:00;15;30;25;0;5;15;15;40;40;11;
1685858460;04.06.2023;06:01:00;14;30;24;0;4;14;14;40;40;11;
1685862060;04.06.2023;07:01:00;14;30;25;0;4;14;14;40;40;11;
1685865660;04.06.2023;08:01:00;14;30;24;0;5;14;14;40;40;11;
1685869260;04.06.2023;09:01:00;14;31;25;1;6;14;14;40;40;11;
1685872860;04.06.2023;10:01:00;15;36;25;0;6;14;14;40;40;9;
1685876460;04.06.2023;11:01:00;15;37;25;0;8;15;14;40;40;9;
1685880060;04.06.2023;12:01:00;16;36;24;2;10;15;15;40;40;9;
1685883660;04.06.2023;13:01:00;16;37;25;4;13;15;15;40;40;9;
1685887260;04.06.2023;14:01:00;16;40;25;6;16;15;15;40;40;10;
1685890860;04.06.2023;15:01:00;17;40;24;8;18;16;16;40;40;10;
1685894460;04.06.2023;16:01:00;17;41;24;10;19;16;16;40;40;11;
1685898060;04.06.2023;17:01:00;17;40;24;10;20;16;16;40;40;11;
1685901660;04.06.2023;18:01:00;17;40;25;10;20;16;16;40;40;11;
1685905260;04.06.2023;19:01:00;17;40;24;9;19;16;16;40;40;10;
1685908860;04.06.2023;20:01:00;17;39;25;8;18;16;16;40;40;10;
1685912460;04.06.2023;21:01:00;17;39;24;7;16;16;16;40;40;9;
1685916060;04.06.2023;22:01:00;17;37;24;5;14;16;16;40;40;9;
1685919660;04.06.2023;23:01:00;17;37;25;3;12;16;16;40;40;9;
1685923260;05.06.2023;00:01:00;17;37;26;2;10;16;16;40;40;9;
1685926860;05.06.2023;01:01:00;17;37;24;1;9;16;16;40;40;9;
1685930460;05.06.2023;02:01:00;17;37;25;0;7;16;16;40;40;8;
1685934060;05.06.2023;03:01:00;17;36;24;0;6;16;16;40;40;8;
1685937660;05.06.2023;04:01:00;16;35;24;-1;5;16;16;40;40;8;
1685941260;05.06.2023;05:01:00;16;30;24;0;5;16;16;40;40;9;
1685944860;05.06.2023;06:01:00;15;30;24;0;5;15;15;40;40;10;
1685948460;05.06.2023;07:01:00;15;30;24;0;5;15;15;40;40;11;
1685952060;05.06.2023;08:01:00;14;30;24;0;5;14;14;40;40;11;
1685955660;05.06.2023;09:01:00;15;35;25;-1;6;14;14;40;40;10;
1685959260;05.06.2023;10:01:00;15;35;23;0;7;15;15;40;40;10;
1685962860;05.06.2023;11:01:00;16;36;25;-1;8;15;15;40;40;11;
1685966460;05.06.2023;12:01:00;16;37;25;3;11;15;15;40;40;10;
1685970060;05.06.2023;13:01:00;16;38;23;5;14;15;16;40;40;9;
1685973660;05.06.2023;14:01:00;17;39;23;7;17;16;16;40;40;10;
1685977260;05.06.2023;15:01:00;17;39;23;9;19;16;16;40;40;30;
1685980860;05.06.2023;16:01:00;17;40;25;10;20;16;16;40;40;29;
1685984460;05.06.2023;17:01:00;17;40;25;10;21;16;16;40;40;29;
1685988060;05.06.2023;18:01:00;18;40;24;10;20;17;16;40;40;29;
1685991660;05.06.2023;19:01:00;18;40;25;9;19;17;16;40;40;29;
1685995260;05.06.2023;20:01:00;18;39;24;8;17;17;16;40;40;29;
1685998860;05.06.2023;21:01:00;18;38;24;6;15;17;16;40;40;28;
1686002460;05.06.2023;22:01:00;17;38;25;4;13;17;16;40;40;28;
1686006060;05.06.2023;23:01:00;17;37;24;3;11;17;16;40;40;28;
1686009660;06.06.2023;00:01:00;17;37;25;2;10;16;16;40;40;28;
1686013260;06.06.2023;01:01:00;17;37;24;1;9;16;16;40;40;29;
1686016860;06.06.2023;02:01:00;17;36;25;0;8;16;16;40;40;28;
1686020460;06.06.2023;03:01:00;17;36;24;0;7;16;16;40;40;28;
1686024060;06.06.2023;04:01:00;17;36;25;0;7;16;16;40;40;28;
1686027660;06.06.2023;05:01:00;17;36;25;0;7;16;16;40;40;28;
1686031260;06.06.2023;06:01:00;17;36;25;-1;6;16;16;40;40;28;
1686034860;06.06.2023;07:01:00;17;36;25;-1;6;16;16;40;40;28;
1686038460;06.06.2023;08:01:00;17;35;24;-1;6;16;16;40;40;28;
1686042060;06.06.2023;09:01:00;16;35;25;-1;6;16;16;40;40;29;
1686045660;06.06.2023;10:01:00;16;36;24;0;7;16;16;40;40;28;
1686049260;06.06.2023;11:01:00;17;37;25;1;9;16;16;40;40;28;
1686052860;06.06.2023;12:01:00;17;38;25;3;11;16;16;40;40;29;
1686056460;06.06.2023;13:01:00;17;38;25;5;14;16;16;40;40;29;
1686060060;06.06.2023;14:01:00;17;40;25;7;16;16;16;40;40;29;
1686063660;06.06.2023;15:01:00;17;40;25;9;19;16;16;40;40;29;
1686067260;06.06.2023;16:01:00;18;40;25;10;20;17;16;40;40;29;
1686070860;06.06.2023;17:01:00;18;41;25;11;21;17;17;40;40;29;
1686074460;06.06.2023;18:01:00;18;41;25;11;21;17;17;40;40;29;
1686078060;06.06.2023;19:01:00;18;40;25;10;20;17;17;40;40;29;
1686081660;06.06.2023;20:01:00;18;40;25;9;18;17;17;40;40;28;
1686085260;06.06.2023;21:01:00;18;39;25;7;17;17;17;40;40;28;
1686088860;06.06.2023;22:01:00;18;38;25;6;15;17;17;40;40;28;
1686092460;06.06.2023;23:01:00;18;38;25;4;13;17;17;40;40;28;
1686096060;07.06.2023;00:01:00;18;37;25;2;11;17;17;40;40;28;
1686099660;07.06.2023;01:01:00;17;37;24;1;9;17;16;40;40;28;
1686103260;07.06.2023;02:01:00;17;37;24;0;8;17;16;40;40;28;
1686106860;07.06.2023;03:01:00;17;36;24;0;7;16;16;40;40;28;
1686110460;07.06.2023;04:01:00;17;35;24;-1;6;16;16;40;40;28;
1686114060;07.06.2023;05:01:00;17;36;25;-1;5;16;16;40;40;28;
1686117660;07.06.2023;06:01:00;17;30;24;0;5;16;16;40;40;28;
1686121260;07.06.2023;07:01:00;16;30;25;0;5;16;16;40;40;29;
1686124860;07.06.2023;08:01:00;16;35;24;0;6;15;15;40;40;28;
1686128460;07.06.2023;09:01:00;16;36;25;0;6;15;16;40;40;28;
1686132060;07.06.2023;10:01:00;16;36;24;0;8;16;16;40;40;28;
1686135660;07.06.2023;11:01:00;16;36;25;0;9;16;16;40;40;29;
1686139260;07.06.2023;12:01:00;17;38;25;4;12;16;16;40;40;27;
1686142860;07.06.2023;13:01:00;17;39;25;6;15;16;16;40;40;27;
1686146460;07.06.2023;14:01:00;17;39;24;8;17;16;16;40;40;27;
1686150060;07.06.2023;15:01:00;18;40;24;9;19;17;16;40;40;28;
1686153660;07.06.2023;16:01:00;18;40;25;10;21;17;16;40;40;28;
1686157260;07.06.2023;17:01:00;18;40;24;11;21;17;17;40;40;28;
1686160860;07.06.2023;18:01:00;18;40;24;10;21;17;17;40;40;28;
1686164460;07.06.2023;19:01:00;18;40;25;10;20;17;17;40;40;27;
1686168060;07.06.2023;20:01:00;18;40;25;8;18;17;17;40;40;27;
1686171660;07.06.2023;21:01:00;18;39;24;7;16;17;17;40;40;27;
1686175260;07.06.2023;22:01:00;18;38;25;5;14;17;17;40;40;27;
1686178860;07.06.2023;23:01:00;18;38;25;4;13;17;17;40;40;26;
1686182460;08.06.2023;00:01:00;18;37;25;2;11;17;17;40;40;26;
1686186060;08.06.2023;01:01:00;17;37;25;1;9;17;17;40;40;26;
1686189660;08.06.2023;02:01:00;17;36;25;0;8;17;17;40;40;26;
1686193260;08.06.2023;03:01:00;17;36;25;0;7;17;16;40;40;26;
1686196860;08.06.2023;04:01:00;17;36;25;-1;6;17;16;40;40;26;
1686200460;08.06.2023;05:01:00;17;35;24;-1;6;16;16;40;40;25;
1686204060;08.06.2023;06:01:00;17;36;25;-1;5;16;16;40;40;25;
1686207660;08.06.2023;07:01:00;17;36;25;-2;5;16;16;40;40;25;
1686211260;08.06.2023;08:01:00;17;35;25;-1;5;16;16;40;40;25;
1686214860;08.06.2023;09:01:00;17;36;24;-1;6;16;16;40;40;25;
1686218460;08.06.2023;10:01:00;17;36;25;0;7;16;16;40;40;25;
1686222060;08.06.2023;11:01:00;17;36;24;0;8;16;16;40;40;25;
1686225660;08.06.2023;12:01:00;17;37;24;2;10;16;16;40;40;25;
1686229260;08.06.2023;13:01:00;17;38;24;4;13;16;16;40;40;26;
1686232860;08.06.2023;14:01:00;17;39;25;6;15;17;16;40;40;26;
1686236460;08.06.2023;15:01:00;18;33;18;7;17;17;16;40;40;26;
1686240060;08.06.2023;16:01:00;18;34;18;8;18;17;17;40;40;27;
1686243660;08.06.2023;17:01:00;18;34;18;9;19;17;17;40;40;27;
1686247260;08.06.2023;18:01:00;18;34;19;8;19;17;17;40;40;26;
1686250860;08.06.2023;19:01:00;18;34;19;8;18;17;17;40;40;26;
1686254460;08.06.2023;20:01:00;18;33;19;7;16;17;17;40;40;26;
1686258060;08.06.2023;21:01:00;18;33;19;5;14;17;17;40;40;26;
1686261660;08.06.2023;22:01:00;18;32;18;4;13;17;17;40;40;26;
1686265260;08.06.2023;23:01:00;18;31;18;2;11;17;17;40;40;26;
1686268860;09.06.2023;00:01:00;18;31;18;1;10;17;17;40;40;25;
1686272460;09.06.2023;01:01:00;18;30;18;0;9;17;17;40;40;25;
1686276060;09.06.2023;02:01:00;17;30;18;0;8;17;17;40;40;25;
1686279660;09.06.2023;03:01:00;17;30;18;0;7;17;17;40;40;25;
1686283260;09.06.2023;04:01:00;17;29;18;-1;6;17;17;40;40;25;
1686286860;09.06.2023;05:01:00;17;28;18;-2;5;17;16;40;40;24;
1686290460;09.06.2023;06:01:00;16;23;17;0;5;16;16;40;40;25;
1686294060;09.06.2023;07:01:00;16;22;16;0;5;16;16;40;40;26;
1686297660;09.06.2023;08:01:00;15;27;16;-1;6;15;16;40;40;26;
1686301260;09.06.2023;09:01:00;16;28;17;-1;6;16;16;40;40;25;
1686304860;09.06.2023;10:01:00;16;29;17;0;7;16;16;40;40;25;
1686308460;09.06.2023;11:01:00;17;29;17;1;9;16;16;40;40;25;
1686312060;09.06.2023;12:01:00;17;31;17;2;11;16;16;40;40;25;
1686315660;09.06.2023;13:01:00;17;32;18;4;14;16;16;40;40;25;
1686319260;09.06.2023;14:01:00;18;33;18;7;17;17;16;40;40;25;
1686322860;09.06.2023;15:01:00;18;34;18;8;19;17;17;40;40;26;
1686326460;09.06.2023;16:01:00;18;35;18;10;20;17;17;40;40;26;
1686330060;09.06.2023;17:01:00;18;35;19;10;21;17;17;40;40;26;
1686333660;09.06.2023;18:01:00;19;35;19;10;21;18;17;40;40;26;
1686337260;09.06.2023;19:01:00;19;35;19;9;20;18;17;40;40;26;
1686340860;09.06.2023;20:01:00;19;34;19;8;18;18;17;40;40;25;
1686344460;09.06.2023;21:01:00;18;34;19;6;16;18;17;40;40;25;
1686348060;09.06.2023;22:01:00;18;33;19;4;14;18;17;40;40;25;
1686351660;09.06.2023;23:01:00;18;32;19;3;12;17;17;40;40;24;
1686355260;10.06.2023;00:01:00;18;31;18;1;10;17;17;40;40;24;
1686358860;10.06.2023;01:01:00;18;30;18;0;8;17;17;40;40;24;
1686362460;10.06.2023;02:01:00;18;30;18;0;7;17;17;40;40;24;
1686366060;10.06.2023;03:01:00;18;29;18;-1;6;17;17;40;40;24;
1686369660;10.06.2023;04:01:00;17;23;17;0;5;17;17;40;40;24;
1686373260;10.06.2023;05:01:00;16;23;17;0;5;16;16;40;40;25;
1686376860;10.06.2023;06:01:00;16;22;16;0;4;16;16;40;40;26;
1686380460;10.06.2023;07:01:00;15;22;16;-1;4;15;16;40;40;26;
1686384060;10.06.2023;08:01:00;15;22;16;0;5;15;15;40;40;26;
1686387660;10.06.2023;09:01:00;15;27;16;-1;6;15;15;40;40;26;
1686391260;10.06.2023;10:01:00;16;28;16;-1;7;15;16;40;40;25;
1686394860;10.06.2023;11:01:00;16;28;17;-1;7;16;16;40;40;26;
1686398460;10.06.2023;12:01:00;17;30;17;1;11;16;16;40;40;25;
1686402060;10.06.2023;13:01:00;17;31;17;4;14;16;16;40;40;25;
1686405660;10.06.2023;14:01:00;17;33;18;7;16;17;16;40;40;25;
1686409260;10.06.2023;15:01:00;18;34;18;8;19;17;16;40;40;25;
1686412860;10.06.2023;16:01:00;18;35;18;10;20;17;17;40;40;25;
1686416460;10.06.2023;17:01:00;18;35;19;10;21;17;17;40;40;25;
1686420060;10.06.2023;18:01:00;18;35;19;10;21;18;17;40;40;25;
1686423660;10.06.2023;19:01:00;19;35;19;9;19;18;17;40;40;25;
1686427260;10.06.2023;20:01:00;19;34;19;8;18;18;17;40;40;25;
1686430860;10.06.2023;21:01:00;18;33;19;6;16;18;17;40;40;24;
1686434460;10.06.2023;22:01:00;18;33;19;4;14;18;17;40;40;24;
1686438060;10.06.2023;23:01:00;18;32;19;3;12;18;17;40;40;24;
1686441660;11.06.2023;00:01:00;18;31;18;1;10;17;17;40;40;23;
1686445260;11.06.2023;01:01:00;18;30;18;0;8;17;17;40;40;24;
1686448860;11.06.2023;02:01:00;18;30;18;-1;7;17;17;40;40;24;
1686452460;11.06.2023;03:01:00;17;29;18;-1;5;17;17;40;40;24;
1686456060;11.06.2023;04:01:00;17;23;17;0;5;17;17;40;40;24;
1686459660;11.06.2023;05:01:00;16;23;17;0;5;16;16;40;40;25;
1686463260;11.06.2023;06:01:00;16;22;16;-1;4;16;16;40;40;26;
1686466860;11.06.2023;07:01:00;15;22;16;-1;4;15;16;40;40;26;
1686470460;11.06.2023;08:01:00;15;22;16;0;5;15;15;40;40;26;
1686474060;11.06.2023;09:01:00;16;27;16;-1;6;15;15;40;40;25;
1686477660;11.06.2023;10:01:00;16;28;17;-2;6;16;16;40;40;25;
1686481260;11.06.2023;11:01:00;16;29;17;-1;8;16;16;40;40;25;
1686484860;11.06.2023;12:01:00;17;30;17;2;11;16;16;40;40;24;
1686488460;11.06.2023;13:01:00;17;32;18;4;14;16;16;40;40;24;
1686492060;11.06.2023;14:01:00;17;33;18;7;16;17;16;40;40;24;
1686495660;11.06.2023;15:01:00;18;34;18;8;18;17;17;40;40;24;
1686499260;11.06.2023;16:01:00;18;34;18;9;19;17;17;40;40;24;
1686502860;11.06.2023;17:01:00;18;35;19;9;20;17;17;40;40;24;
1686506460;11.06.2023;18:01:00;18;35;19;9;19;17;17;40;40;24;
1686510060;11.06.2023;19:01:00;18;34;19;8;18;18;17;40;40;24;
1686513660;11.06.2023;20:01:00;19;34;19;7;17;18;17;40;40;24;
1686517260;11.06.2023;21:01:00;18;33;19;6;15;18;17;40;40;23;
1686520860;11.06.2023;22:01:00;18;33;19;4;13;18;17;40;40;23;
1686524460;11.06.2023;23:01:00;18;32;19;2;11;17;17;40;40;23;
1686528060;12.06.2023;00:01:00;18;31;18;1;9;17;17;40;40;23;
1686531660;12.06.2023;01:01:00;18;30;18;0;8;17;17;40;40;23;
1686535260;12.06.2023;02:01:00;18;30;18;-1;6;17;17;40;40;23;
1686538860;12.06.2023;03:01:00;17;29;18;-2;5;17;17;40;40;23;
1686542460;12.06.2023;04:01:00;17;23;17;0;5;17;16;40;40;24;
1686546060;12.06.2023;05:01:00;16;22;16;0;4;16;16;40;40;24;
1686549660;12.06.2023;06:01:00;16;22;16;-1;4;16;16;40;40;25;
1686553260;12.06.2023;07:01:00;15;21;16;-1;4;15;16;40;40;25;
1686556860;12.06.2023;08:01:00;15;21;16;0;5;15;15;40;40;25;
1686560460;12.06.2023;09:01:00;15;21;16;0;6;15;15;40;40;25;
1686564060;12.06.2023;10:01:00;16;27;16;-2;6;15;15;40;40;25;
1686567660;12.06.2023;11:01:00;16;28;17;-1;8;16;16;40;40;24;
1686571260;12.06.2023;12:01:00;17;30;17;2;11;16;16;40;40;23;
1686574860;12.06.2023;13:01:00;17;32;18;4;14;16;16;40;40;23;
1686578460;12.06.2023;14:01:00;18;33;18;7;16;17;16;40;40;23;
1686582060;12.06.2023;15:01:00;18;34;18;8;18;17;17;40;40;23;
1686585660;12.06.2023;16:01:00;18;35;18;9;20;17;17;40;40;23;
1686589260;12.06.2023;17:01:00;18;35;19;10;20;17;17;40;40;23;
1686592860;12.06.2023;18:01:00;18;35;19;9;20;18;17;40;40;23;
1686596460;12.06.2023;19:01:00;19;35;19;9;19;18;17;40;40;23;
1686600060;12.06.2023;20:01:00;19;34;19;7;17;18;17;40;40;23;
1686603660;12.06.2023;21:01:00;19;33;19;6;16;18;17;40;40;23;
1686607260;12.06.2023;22:01:00;18;33;19;4;14;18;17;40;40;23;
1686610860;12.06.2023;23:01:00;18;32;19;3;12;18;17;40;40;23;
1686614460;13.06.2023;00:01:00;18;32;19;2;11;17;17;40;40;23;
1686618060;13.06.2023;01:01:00;18;31;18;1;9;17;17;40;40;23;
1686621660;13.06.2023;02:01:00;18;31;18;0;8;17;17;40;40;23;
1686625260;13.06.2023;03:01:00;18;30;18;0;7;17;17;40;40;23;
1686628860;13.06.2023;04:01:00;18;30;18;-1;7;17;17;40;40;23;
1686632460;13.06.2023;05:01:00;18;30;18;-1;6;17;17;40;40;23;
1686636060;13.06.2023;06:01:00;17;29;18;-1;6;17;17;40;40;23;
1686639660;13.06.2023;07:01:00;17;29;18;-1;6;17;17;40;40;23;
1686643260;13.06.2023;08:01:00;17;29;18;-1;6;17;17;40;40;23;
1686646860;13.06.2023;09:01:00;17;29;18;-2;6;17;17;40;40;23;
1686650460;13.06.2023;10:01:00;17;29;18;-1;7;17;17;40;40;23;
1686654060;13.06.2023;11:01:00;17;31;18;1;10;17;17;40;40;22;
1686657660;13.06.2023;12:01:00;18;32;18;3;12;17;17;40;40;23;
1686661260;13.06.2023;13:01:00;18;32;18;4;13;17;17;40;40;23;
1686664860;13.06.2023;14:01:00;18;33;18;5;14;17;17;40;40;23;
1686668460;13.06.2023;15:01:00;18;33;19;7;17;17;17;40;40;23;
1686672060;13.06.2023;16:01:00;18;35;19;9;19;18;17;40;40;23;
1686675660;13.06.2023;17:01:00;19;35;19;9;20;18;17;40;40;23;
1686679260;13.06.2023;18:01:00;19;35;19;10;20;18;18;40;40;23;
1686682860;13.06.2023;19:01:00;19;35;19;9;19;18;18;40;40;23;
1686686460;13.06.2023;20:01:00;19;35;19;8;18;18;18;40;40;22;
1686690060;13.06.2023;21:01:00;19;34;19;6;16;18;18;40;40;22;
1686693660;13.06.2023;22:01:00;19;33;19;5;15;18;18;40;40;22;
1686697260;13.06.2023;23:01:00;19;33;19;4;13;18;18;40;40;22;
1686700860;14.06.2023;00:01:00;18;32;19;3;12;18;18;40;40;22;
1686704460;14.06.2023;01:01:00;18;32;19;2;11;18;17;40;40;22;
1686708060;14.06.2023;02:01:00;18;31;19;1;10;18;17;40;40;22;
1686711660;14.06.2023;03:01:00;18;31;19;0;9;18;17;40;40;22;
1686715260;14.06.2023;04:01:00;18;31;18;0;8;17;17;40;40;22;
1686718860;14.06.2023;05:01:00;18;30;18;0;7;17;17;40;40;22;
1686722460;14.06.2023;06:01:00;18;30;18;0;7;17;17;40;40;22;
1686726060;14.06.2023;07:01:00;18;30;18;0;7;17;17;40;40;21;
1686729660;14.06.2023;08:01:00;18;30;18;0;7;17;17;40;40;22;
1686733260;14.06.2023;09:01:00;18;30;18;0;7;17;17;40;40;22;
1686736860;14.06.2023;10:01:00;18;30;18;0;8;17;17;40;40;22;
1686740460;14.06.2023;11:01:00;18;31;18;1;10;17;17;40;40;22;
1686744060;14.06.2023;12:01:00;18;32;18;3;12;17;17;40;40;22;
1686747660;14.06.2023;13:01:00;18;33;19;5;15;17;17;40;40;22;
1686751260;14.06.2023;14:01:00;18;34;19;8;17;18;17;40;40;22;
1686754860;14.06.2023;15:01:00;19;35;19;9;20;18;18;40;40;22;
1686758460;14.06.2023;16:01:00;19;36;19;11;22;18;18;40;40;22;
1686762060;14.06.2023;17:01:00;19;36;20;11;22;18;18;40;40;22;
1686765660;14.06.2023;18:01:00;19;37;20;11;22;18;18;40;40;22;
1686769260;14.06.2023;19:01:00;19;36;20;11;21;19;18;40;40;22;
1686772860;14.06.2023;20:01:00;19;36;20;10;20;19;18;40;40;21;
1686776460;14.06.2023;21:01:00;19;35;20;8;19;19;18;40;40;21;
1686780060;14.06.2023;22:01:00;19;35;20;7;17;19;18;40;40;21;
1686783660;14.06.2023;23:01:00;19;34;20;6;15;18;18;40;40;21;
1686787260;15.06.2023;00:01:00;19;33;19;4;14;18;18;40;40;21;
1686790860;15.06.2023;01:01:00;19;33;19;3;12;18;18;40;40;21;
1686794460;15.06.2023;02:01:00;19;32;19;2;11;18;18;40;40;21;
1686798060;15.06.2023;03:01:00;19;32;19;1;9;18;18;40;40;21;
1686801660;15.06.2023;04:01:00;18;31;19;0;8;18;18;40;40;21;
1686805260;15.06.2023;05:01:00;18;31;19;0;7;18;17;40;40;21;
1686808860;15.06.2023;06:01:00;18;30;19;0;7;18;17;40;40;21;
1686812460;15.06.2023;07:01:00;18;30;18;0;7;17;17;40;40;21;
1686816060;15.06.2023;08:01:00;18;30;18;0;7;17;17;40;40;21;
1686819660;15.06.2023;09:01:00;18;31;18;0;8;17;17;40;40;21;
1686823260;15.06.2023;10:01:00;18;31;18;1;9;17;17;40;40;21;
1686826860;15.06.2023;11:01:00;17;53;18;7;13;17;17;40;40;22;
1686830460;15.06.2023;12:01:00;17;57;17;10;16;17;17;40;40;23;
1686834060;15.06.2023;13:01:00;17;71;17;16;19;16;16;40;40;23;
1686837660;15.06.2023;14:01:00;16;70;17;15;20;16;16;40;40;23;
1686841260;15.06.2023;15:01:00;16;61;17;16;22;16;16;40;40;24;
1686844860;15.06.2023;16:01:00;16;44;16;20;22;16;16;40;40;23;
1686848460;15.06.2023;17:01:00;16;70;16;16;22;16;16;40;40;23;
1686852060;15.06.2023;18:01:00;16;24;17;20;21;16;16;40;40;23;
1686855660;15.06.2023;19:01:00;16;21;16;19;20;16;16;40;40;23;
1686859260;15.06.2023;20:01:00;16;70;17;14;19;16;16;40;40;23;
1686862860;15.06.2023;21:01:00;16;68;16;12;18;16;16;40;40;23;
1686866460;15.06.2023;22:01:00;16;66;16;11;17;16;16;40;40;23;
1686870060;15.06.2023;23:01:00;16;65;16;10;16;16;16;40;40;22;
1686873660;16.06.2023;00:01:00;16;64;16;9;14;16;16;40;40;23;
1686877260;16.06.2023;01:01:00;16;62;16;8;13;16;16;40;40;23;
1686880860;16.06.2023;02:01:00;16;62;16;7;12;15;16;40;40;22;
1686884460;16.06.2023;03:01:00;16;60;16;6;11;15;16;40;40;22;
1686888060;16.06.2023;04:01:00;16;60;16;6;11;15;16;40;40;22;
1686891660;16.06.2023;05:01:00;15;59;16;5;10;15;15;40;40;22;
1686895260;16.06.2023;06:01:00;15;59;16;5;10;15;15;40;40;22;
1686898860;16.06.2023;07:01:00;15;59;16;5;10;15;15;40;40;22;
1686902460;16.06.2023;08:01:00;15;60;16;6;10;15;15;40;40;22;
1686906060;16.06.2023;09:01:00;15;61;16;7;12;15;15;40;40;22;
1686909660;16.06.2023;10:01:00;15;62;16;8;13;15;15;40;40;23;
1686913260;16.06.2023;11:01:00;15;64;16;10;15;15;15;40;40;23;
1686916860;16.06.2023;12:01:00;16;66;16;12;18;15;15;40;40;23;
1686920460;16.06.2023;13:01:00;16;69;16;14;20;15;15;40;40;23;
1686924060;16.06.2023;14:01:00;16;63;16;14;20;15;15;40;40;23;
1686927660;16.06.2023;15:01:00;16;71;16;16;22;15;15;40;40;24;
1686931260;16.06.2023;16:01:00;15;68;16;17;23;15;15;40;40;24;
1686934860;16.06.2023;17:01:00;15;66;16;18;24;15;15;40;40;24;
1686938460;16.06.2023;18:01:00;15;70;16;18;24;15;15;40;40;24;
1686942060;16.06.2023;19:01:00;15;36;15;19;24;15;15;40;40;23;
1686945660;16.06.2023;20:01:00;15;63;15;18;24;15;15;40;40;23;
1686949260;16.06.2023;21:01:00;15;71;15;17;22;15;15;40;40;23;
1686952860;16.06.2023;22:01:00;15;70;16;15;21;15;15;40;40;22;
1686956460;16.06.2023;23:01:00;16;68;16;14;19;15;15;40;40;21;
1686960060;17.06.2023;00:01:00;15;66;16;12;18;15;15;40;40;21;
1686963660;17.06.2023;01:01:00;15;66;16;11;17;15;15;40;40;21;
1686967260;17.06.2023;02:01:00;15;65;16;10;15;15;15;40;40;21;
1686970860;17.06.2023;03:01:00;15;63;16;9;14;15;15;40;40;21;
1686974460;17.06.2023;04:01:00;15;62;16;8;13;15;15;40;40;21;
1686978060;17.06.2023;05:01:00;15;61;16;7;12;15;15;40;40;21;
1686981660;17.06.2023;06:01:00;15;60;16;6;11;15;15;40;40;21;
1686985260;17.06.2023;07:01:00;15;60;16;6;11;15;15;40;40;21;
1686988860;17.06.2023;08:01:00;15;60;16;6;11;15;15;40;40;22;
1686992460;17.06.2023;09:01:00;15;61;16;7;12;15;15;40;40;22;
1686996060;17.06.2023;10:01:00;15;63;16;9;14;15;15;40;40;22;
1686999660;17.06.2023;11:01:00;15;64;16;11;16;15;15;40;40;22;
1687003260;17.06.2023;12:01:00;15;67;16;13;18;15;15;40;40;22;
1687006860;17.06.2023;13:01:00;15;70;16;15;21;15;15;40;40;23;
1687010460;17.06.2023;14:01:00;15;69;16;17;23;15;15;40;40;23;
1687014060;17.06.2023;15:01:00;15;33;16;23;25;15;15;40;40;23;
1687017660;17.06.2023;16:01:00;14;15;15;25;27;15;15;40;40;23;
1687021260;17.06.2023;17:01:00;14;14;14;26;28;14;14;40;40;23;
1687024860;17.06.2023;18:01:00;13;14;14;27;28;14;14;40;40;24;
1687028460;17.06.2023;19:01:00;13;15;14;27;29;13;14;40;40;23;
1687032060;17.06.2023;20:01:00;13;15;15;26;28;13;14;40;40;23;
1687035660;17.06.2023;21:01:00;12;16;15;25;27;13;13;40;40;23;
1687039260;17.06.2023;22:01:00;12;15;14;23;25;13;13;40;40;22;
1687042860;17.06.2023;23:01:00;12;16;15;22;23;13;13;40;40;22;
1687046460;18.06.2023;00:01:00;12;15;14;20;22;12;13;40;40;22;
1687050060;18.06.2023;01:01:00;12;16;15;19;21;12;13;40;40;22;
1687053660;18.06.2023;02:01:00;12;16;15;18;20;12;13;40;40;22;
1687057260;18.06.2023;03:01:00;12;16;14;17;19;12;13;40;40;22;
1687060860;18.06.2023;04:01:00;12;16;15;16;18;12;13;40;40;22;
1687064460;18.06.2023;05:01:00;12;16;14;16;17;12;13;40;40;22;
1687068060;18.06.2023;06:01:00;12;16;15;16;17;12;13;40;40;22;
1687071660;18.06.2023;07:01:00;11;16;14;16;17;12;12;40;40;21;
1687075260;18.06.2023;08:01:00;11;16;15;16;17;12;12;40;40;21;
1687078860;18.06.2023;09:01:00;11;16;14;16;18;12;12;40;40;21;
1687082460;18.06.2023;10:01:00;11;16;15;17;18;12;12;40;40;21;
1687086060;18.06.2023;11:01:00;11;16;14;18;19;12;12;40;40;21;
1687089660;18.06.2023;12:01:00;11;16;15;19;20;12;12;40;40;22;
1687093260;18.06.2023;13:01:00;11;16;15;19;21;12;12;40;40;21;
1687096860;18.06.2023;14:01:00;11;16;14;20;21;12;12;40;40;22;
1687100460;18.06.2023;15:01:00;11;16;15;20;21;12;12;40;40;22;
1687104060;18.06.2023;16:01:00;11;16;15;19;21;12;12;40;40;21;
1687107660;18.06.2023;17:01:00;11;16;14;19;20;12;12;40;40;22;
1687111260;18.06.2023;18:01:00;11;16;14;18;20;11;12;40;40;21;
1687114860;18.06.2023;19:01:00;11;16;15;18;19;11;12;40;40;21;
1687118460;18.06.2023;20:01:00;11;16;15;17;19;11;12;40;40;21;
1687122060;18.06.2023;21:01:00;11;16;14;16;18;11;12;40;40;21;
1687125660;18.06.2023;22:01:00;11;16;15;16;18;11;12;40;40;21;
1687129260;18.06.2023;23:01:00;11;16;15;16;17;11;12;40;40;21;
1687132860;19.06.2023;00:01:00;11;16;15;15;17;11;12;40;40;21;
1687136460;19.06.2023;01:01:00;11;16;14;15;16;11;12;40;40;21;
1687140060;19.06.2023;02:01:00;11;16;15;14;16;11;12;40;40;21;
1687143660;19.06.2023;03:01:00;11;16;15;14;16;11;12;40;40;21;
1687147260;19.06.2023;04:01:00;11;16;15;14;16;11;12;40;40;21;
1687150860;19.06.2023;05:01:00;11;16;14;14;16;11;12;40;40;21;
1687154460;19.06.2023;06:01:00;11;16;15;14;15;11;12;40;40;21;
1687158060;19.06.2023;07:01:00;11;16;15;14;16;11;12;40;40;21;
1687161660;19.06.2023;08:01:00;11;16;15;14;16;11;12;40;40;21;
1687165260;19.06.2023;09:01:00;11;16;14;15;17;11;12;40;40;21;
1687168860;19.06.2023;10:01:00;11;16;15;16;17;11;12;40;40;21;
1687172460;19.06.2023;11:01:00;11;17;15;18;18;11;12;40;40;21;
1687176060;19.06.2023;12:01:00;11;17;16;19;19;11;12;40;40;23;
1687179660;19.06.2023;13:01:00;24;18;16;20;19;11;12;40;40;14;
1687183260;19.06.2023;14:01:00;13;22;18;17;19;12;12;40;40;16;
1687186860;19.06.2023;15:01:00;13;34;34;13;13;12;12;40;40;16;
1687190460;19.06.2023;16:01:00;14;27;30;19;19;12;12;40;40;11;
1687190508;19.06.2023;16:01:48;14;27;30;19;19;12;12;40;40;11;
1687194060;19.06.2023;17:01:00;13;31;15;11;20;13;12;40;40;24;
1687197660;19.06.2023;18:01:00;15;30;15;10;19;13;13;40;40;24;
1687201260;19.06.2023;19:01:00;15;30;16;10;18;14;14;40;40;23;
1687204860;19.06.2023;20:01:00;16;30;16;9;17;15;14;40;40;23;
1687208460;19.06.2023;21:01:00;16;30;16;8;16;15;15;40;40;23;
1687212060;19.06.2023;22:01:00;16;30;16;8;15;15;15;40;40;23;
1687215660;19.06.2023;23:01:00;16;30;16;7;14;15;15;40;40;23;
1687219260;20.06.2023;00:01:00;16;29;17;6;13;15;15;40;40;23;
1687222860;20.06.2023;01:01:00;16;29;17;5;12;15;15;40;40;23;
1687226460;20.06.2023;02:01:00;16;23;16;8;12;15;16;40;40;23;
1687230060;20.06.2023;03:01:00;15;22;16;8;12;15;15;40;40;24;
1687233660;20.06.2023;04:01:00;15;22;15;8;11;15;15;40;40;25;
1687237260;20.06.2023;05:01:00;15;22;15;7;11;14;15;40;40;24;
1687240860;20.06.2023;06:01:00;15;22;15;7;11;14;15;40;40;24;
1687244460;20.06.2023;07:01:00;14;21;15;8;11;14;14;40;40;24;
1687248060;20.06.2023;08:01:00;13;14;14;13;13;14;14;40;40;25;
1687251660;20.06.2023;09:01:00;13;29;15;6;14;13;14;40;40;24;
1687255260;20.06.2023;10:01:00;15;28;15;5;12;14;14;40;40;25;
1687258860;20.06.2023;11:01:00;15;29;16;5;12;15;15;40;40;25;
1687262460;20.06.2023;12:01:00;16;29;16;4;12;15;15;40;40;25;
1687266060;20.06.2023;13:01:00;16;29;16;4;12;15;15;40;40;24;
1687269660;20.06.2023;14:01:00;16;29;16;5;12;15;15;40;40;24;
1687273260;20.06.2023;15:01:00;16;29;17;5;12;16;16;40;40;24;
1687276860;20.06.2023;16:01:00;16;30;17;5;13;16;16;40;40;25;
1687280460;20.06.2023;17:01:00;16;30;17;6;13;16;16;40;40;25;
1687284060;20.06.2023;18:01:00;17;30;17;6;13;16;16;40;40;25;
1687287660;20.06.2023;19:01:00;17;30;17;6;14;16;16;40;40;25;
1687291260;20.06.2023;20:01:00;17;30;17;6;13;16;16;40;40;25;
1687294860;20.06.2023;21:01:00;17;30;17;5;13;16;16;40;40;25;
1687298460;20.06.2023;22:01:00;17;30;17;5;12;16;16;40;40;24;
1687302060;20.06.2023;23:01:00;17;29;17;4;11;16;16;40;40;24;
1687305660;21.06.2023;00:01:00;17;29;17;3;10;16;16;40;40;25;
1687309260;21.06.2023;01:01:00;17;29;17;2;9;16;16;40;40;24;
1687312860;21.06.2023;02:01:00;17;29;17;2;9;16;16;40;40;24;
1687316460;21.06.2023;03:01:00;17;28;17;2;8;16;16;40;40;24;
1687320060;21.06.2023;04:01:00;17;28;17;1;7;16;16;40;40;24;
1687323660;21.06.2023;05:01:00;16;28;17;1;7;16;16;40;40;24;
1687327260;21.06.2023;06:01:00;16;28;17;0;7;16;16;40;40;23;
1687330860;21.06.2023;07:01:00;16;28;17;0;7;16;16;40;40;23;
1687334460;21.06.2023;08:01:00;16;28;17;1;7;16;16;40;40;23;
1687338060;21.06.2023;09:01:00;16;28;17;2;8;16;16;40;40;23;
1687341660;21.06.2023;10:01:00;17;29;17;3;9;16;16;40;40;24;
1687345260;21.06.2023;11:01:00;17;29;17;4;10;16;16;40;40;24;
1687348860;21.06.2023;12:01:00;17;30;17;4;12;16;17;40;40;24;
1687352460;21.06.2023;13:01:00;17;30;17;5;12;16;17;40;40;24;
1687356060;21.06.2023;14:01:00;17;30;18;5;12;16;17;40;40;24;
1687359660;21.06.2023;15:01:00;17;30;18;5;12;16;17;40;40;24;
1687363260;21.06.2023;16:01:00;17;30;18;5;12;16;17;40;40;23;
1687366860;21.06.2023;17:01:00;17;30;17;5;12;16;17;40;40;24;
1687370460;21.06.2023;18:01:00;17;30;17;4;11;16;16;40;40;24;
1687374060;21.06.2023;19:01:00;17;30;17;4;11;16;16;40;40;24;
1687377660;21.06.2023;20:01:00;17;30;17;4;11;16;16;40;40;24;
1687381260;21.06.2023;21:01:00;17;30;17;4;11;16;16;40;40;24;
1687384860;21.06.2023;22:01:00;17;29;17;3;10;16;16;40;40;24;
1687388460;21.06.2023;23:01:00;17;29;17;3;10;16;16;40;40;24;
1687392060;22.06.2023;00:01:00;17;29;17;2;9;16;16;40;40;24;
1687395660;22.06.2023;01:01:00;17;29;17;2;8;16;16;40;40;24;
1687399260;22.06.2023;02:01:00;17;29;17;2;8;16;16;40;40;23;
1687402860;22.06.2023;03:01:00;17;28;17;1;7;16;16;40;40;23;
1687406460;22.06.2023;04:01:00;17;28;17;0;7;16;16;40;40;23;
1687410060;22.06.2023;05:01:00;17;28;17;0;6;16;16;40;40;23;
1687413660;22.06.2023;06:01:00;17;27;17;0;6;16;16;40;40;23;
1687417260;22.06.2023;07:01:00;17;27;17;0;5;16;16;40;40;23;
1687420860;22.06.2023;08:01:00;16;27;17;0;6;16;16;40;40;23;
1687424460;22.06.2023;09:01:00;16;27;17;0;7;16;16;40;40;23;
1687428060;22.06.2023;10:01:00;16;28;17;2;8;16;16;40;40;23;
1687431660;22.06.2023;11:01:00;17;29;17;3;10;16;16;40;40;23;
1687435260;22.06.2023;12:01:00;17;30;17;5;12;16;16;40;40;24;
1687438860;22.06.2023;13:01:00;17;31;17;6;14;16;16;40;40;24;
1687442460;22.06.2023;14:01:00;17;31;18;8;16;16;16;40;40;24;
1687446060;22.06.2023;15:01:00;17;32;18;9;17;17;17;40;40;25;
1687449660;22.06.2023;16:01:00;18;33;18;10;19;17;17;40;40;25;
1687453260;22.06.2023;17:01:00;18;33;18;11;20;17;17;40;40;25;
1687456860;22.06.2023;18:01:00;18;33;18;11;19;17;17;40;40;25;
1687460460;22.06.2023;19:01:00;18;33;18;10;19;17;17;40;40;25;
1687464060;22.06.2023;20:01:00;18;33;18;9;17;17;17;40;40;24;
1687467660;22.06.2023;21:01:00;18;32;18;8;15;17;17;40;40;24;
1687471260;22.06.2023;22:01:00;18;31;18;6;14;17;17;40;40;24;
1687474860;22.06.2023;23:01:00;18;31;18;5;12;17;17;40;40;24;
1687478460;23.06.2023;00:01:00;18;30;18;4;10;17;17;40;40;24;
1687482060;23.06.2023;01:01:00;17;30;18;3;9;17;17;40;40;24;
1687485660;23.06.2023;02:01:00;17;29;18;2;8;17;17;40;40;24;
1687489260;23.06.2023;03:01:00;17;29;18;1;7;17;17;40;40;23;
1687492860;23.06.2023;04:01:00;17;28;18;0;6;17;17;40;40;23;
1687496460;23.06.2023;05:01:00;17;28;17;0;6;17;17;40;40;23;
1687500060;23.06.2023;06:01:00;17;27;17;-1;5;16;17;40;40;23;
1687503660;23.06.2023;07:01:00;16;22;17;2;6;16;16;40;40;23;
1687507260;23.06.2023;08:01:00;16;27;17;0;6;16;16;40;40;23;
1687510860;23.06.2023;09:01:00;16;28;17;0;6;16;16;40;40;23;
1687514460;23.06.2023;10:01:00;17;28;17;1;8;16;16;40;40;23;
1687518060;23.06.2023;11:01:00;17;29;17;3;10;16;16;40;40;23;
1687521660;23.06.2023;12:01:00;17;30;17;5;12;16;16;40;40;23;
1687525260;23.06.2023;13:01:00;17;31;18;7;15;17;17;40;40;23;
1687528860;23.06.2023;14:01:00;17;32;18;9;17;17;17;40;40;24;
1687532460;23.06.2023;15:01:00;18;33;18;11;19;17;17;40;40;24;
1687536060;23.06.2023;16:01:00;18;34;18;12;21;17;17;40;40;24;
1687539660;23.06.2023;17:01:00;18;34;19;12;21;17;17;40;40;24;
1687543260;23.06.2023;18:01:00;18;34;19;12;21;18;17;40;40;24;
1687546860;23.06.2023;19:01:00;18;34;19;12;21;18;17;40;40;24;
1687550460;23.06.2023;20:01:00;18;34;19;10;19;18;17;40;40;24;
1687554060;23.06.2023;21:01:00;18;33;19;9;17;18;17;40;40;23;
1687557660;23.06.2023;22:01:00;18;32;19;7;15;18;17;40;40;23;
1687561260;23.06.2023;23:01:00;18;32;19;6;14;18;17;40;40;23;
1687564860;24.06.2023;00:01:00;18;31;18;5;12;18;17;40;40;23;
1687568460;24.06.2023;01:01:00;18;30;18;4;11;17;17;40;40;23;
1687572060;24.06.2023;02:01:00;18;30;18;3;9;17;17;40;40;23;
1687575660;24.06.2023;03:01:00;18;29;18;2;8;17;17;40;40;23;
1687579260;24.06.2023;04:01:00;17;29;18;1;7;17;17;40;40;23;
1687582860;24.06.2023;05:01:00;17;29;18;0;7;17;17;40;40;23;
1687586460;24.06.2023;06:01:00;17;29;18;0;6;17;17;40;40;23;
1687590060;24.06.2023;07:01:00;17;28;18;0;6;17;17;40;40;23;
1687593660;24.06.2023;08:01:00;17;29;18;0;7;17;17;40;40;23;
1687597260;24.06.2023;09:01:00;17;29;18;1;7;17;17;40;40;23;
1687600860;24.06.2023;10:01:00;17;29;18;2;8;17;17;40;40;23;
1687604460;24.06.2023;11:01:00;17;30;18;3;10;17;17;40;40;23;
1687608060;24.06.2023;12:01:00;17;30;18;5;12;17;17;40;40;23;
1687611660;24.06.2023;13:01:00;18;31;18;7;15;17;17;40;40;23;
1687615260;24.06.2023;14:01:00;18;32;18;9;17;17;17;40;40;23;
1687618860;24.06.2023;15:01:00;18;33;18;11;20;17;17;40;40;24;
1687622460;24.06.2023;16:01:00;18;34;19;12;21;18;17;40;40;24;
1687626060;24.06.2023;17:01:00;18;35;19;13;22;18;18;40;40;24;
1687629660;24.06.2023;18:01:00;19;35;19;13;22;18;18;40;40;24;
1687633260;24.06.2023;19:01:00;19;35;19;12;21;18;18;40;40;24;
1687636860;24.06.2023;20:01:00;19;34;19;11;19;18;18;40;40;23;
1687640460;24.06.2023;21:01:00;19;33;19;9;18;18;18;40;40;23;
1687644060;24.06.2023;22:01:00;19;33;19;8;16;18;18;40;40;23;
1687647660;24.06.2023;23:01:00;18;32;19;6;14;18;18;40;40;23;
1687651260;25.06.2023;00:01:00;18;31;19;5;12;18;18;40;40;23;
1687654860;25.06.2023;01:01:00;18;31;18;4;11;18;18;40;40;23;
1687658460;25.06.2023;02:01:00;18;30;18;3;9;18;17;40;40;23;
1687662060;25.06.2023;03:01:00;18;30;18;2;8;17;17;40;40;23;
1687665660;25.06.2023;04:01:00;18;29;18;1;7;17;17;40;40;23;
1687669260;25.06.2023;05:01:00;18;29;18;1;7;17;17;40;40;23;
1687672860;25.06.2023;06:01:00;17;29;18;1;7;17;17;40;40;23;
1687676460;25.06.2023;07:01:00;17;29;18;1;7;17;17;40;40;23;
1687680060;25.06.2023;08:01:00;17;29;18;1;8;17;17;40;40;22;
1687683660;25.06.2023;09:01:00;17;29;18;2;8;17;17;40;40;22;
1687687260;25.06.2023;10:01:00;17;30;18;3;9;17;17;40;40;23;
1687690860;25.06.2023;11:01:00;18;30;18;4;11;17;17;40;40;23;
1687694460;25.06.2023;12:01:00;18;31;18;6;14;17;17;40;40;23;
1687698060;25.06.2023;13:01:00;18;32;18;8;16;17;17;40;40;23;
1687701660;25.06.2023;14:01:00;18;33;18;10;19;17;17;40;40;23;
1687705260;25.06.2023;15:01:00;18;34;19;12;21;18;17;40;40;23;
1687708860;25.06.2023;16:01:00;19;35;19;13;22;18;18;40;40;23;
1687712460;25.06.2023;17:01:00;19;35;19;14;23;18;18;40;40;23;
1687716060;25.06.2023;18:01:00;19;35;19;13;23;18;18;40;40;23;
1687719660;25.06.2023;19:01:00;19;35;19;13;22;18;18;40;40;23;
1687723260;25.06.2023;20:01:00;19;34;19;11;20;18;18;40;40;23;
1687726860;25.06.2023;21:01:00;19;34;19;10;18;18;18;40;40;23;
1687730460;25.06.2023;22:01:00;19;33;19;8;16;18;18;40;40;22;
1687734060;25.06.2023;23:01:00;19;32;19;7;15;18;18;40;40;22;
1687737660;26.06.2023;00:01:00;18;32;19;6;13;18;18;40;40;22;
1687741260;26.06.2023;01:01:00;18;31;19;4;12;18;18;40;40;23;
1687744860;26.06.2023;02:01:00;18;31;19;3;10;18;18;40;40;22;
1687748460;26.06.2023;03:01:00;18;30;18;2;9;18;18;40;40;22;
1687752060;26.06.2023;04:01:00;18;30;18;2;9;18;18;40;40;22;
1687755660;26.06.2023;05:01:00;18;30;18;2;8;17;17;40;40;22;
1687759260;26.06.2023;06:01:00;18;30;18;2;8;17;17;40;40;22;
1687762860;26.06.2023;07:01:00;17;29;18;2;9;17;17;40;40;22;
1687766460;26.06.2023;08:01:00;18;30;18;2;9;17;17;40;40;22;
1687770060;26.06.2023;09:01:00;18;30;18;3;9;17;17;40;40;22;
1687773660;26.06.2023;10:01:00;18;30;18;4;11;17;17;40;40;22;
1687777260;26.06.2023;11:01:00;18;31;18;5;12;17;17;40;40;22;
1687780860;26.06.2023;12:01:00;18;32;18;7;14;17;17;40;40;22;
1687784460;26.06.2023;13:01:00;18;32;18;9;17;18;17;40;40;23;
1687788060;26.06.2023;14:01:00;18;33;19;10;19;18;18;40;40;23;
1687791660;26.06.2023;15:01:00;18;34;19;11;20;18;18;40;40;23;
1687795260;26.06.2023;16:01:00;19;34;19;11;20;18;18;40;40;22;
1687798860;26.06.2023;17:01:00;19;34;19;11;20;18;18;40;40;22;
1687802460;26.06.2023;18:01:00;19;34;19;10;18;18;18;40;40;21;
1687806060;26.06.2023;19:01:00;19;33;19;8;16;18;18;40;40;21;
1687809660;26.06.2023;20:01:00;19;33;19;7;15;18;18;40;40;22;
1687813260;26.06.2023;21:01:00;19;32;19;7;14;18;18;40;40;22;
1687816860;26.06.2023;22:01:00;18;32;19;6;13;18;18;40;40;22;
1687820460;26.06.2023;23:01:00;18;31;19;5;12;18;18;40;40;22;
1687824060;27.06.2023;00:01:00;18;31;19;4;11;18;18;40;40;22;
1687827660;27.06.2023;01:01:00;18;31;19;4;10;18;18;40;40;21;
1687831260;27.06.2023;02:01:00;18;30;18;3;10;18;18;40;40;22;
1687834860;27.06.2023;03:01:00;18;30;18;3;9;18;18;40;40;21;
1687838460;27.06.2023;04:01:00;18;30;18;2;9;18;18;40;40;22;
1687842060;27.06.2023;05:01:00;18;30;18;2;8;18;18;40;40;21;
1687845660;27.06.2023;06:01:00;18;30;18;2;8;17;17;40;40;21;
1687849260;27.06.2023;07:01:00;18;30;18;2;8;17;17;40;40;21;
1687852860;27.06.2023;08:01:00;18;30;18;2;8;17;17;40;40;21;
1687856460;27.06.2023;09:01:00;18;30;18;2;9;17;17;40;40;21;
1687860060;27.06.2023;10:01:00;18;30;18;2;9;17;17;40;40;21;